customer_name,customer_party_unique_reference_number,customer_code,ods_key,customer_facility_types,customer_facility_party_role_types
AB PHAROS MARINE LTD,00302194,00003973,00003973,BUYER CREDIT GUARANTEE,EXPORTER/OII INVESTOR
AHLI UNITED BANK (UK) PLC,00301432,00000599,00000599,"BUYER CREDIT GUARANTEE
LINE OF CREDIT GUARANTEE","SYNDICATE LENDER
SYNDICATE LENDER"
AIRBUS DEFENCE AND SPACE LIMITED,00311273,00004300,00004300,BUYER CREDIT GUARANTEE,EXPORTER/OII INVESTOR
AL YAH SATELLITE COMMS COMPANY,00322585,00291429,00291429,BUYER CREDIT GUARANTEE,Ultimate Obligor
ALLEN POWER ENGINEERING LIMITED,00307029,00004215,00004215,"BUYER CREDIT GUARANTEE
PARIS CLUB FD TRANCHE
PARIS CLUB CI TRANCHE
PARIS CLUB OD TRANCHE","EXPORTER/OII INVESTOR
PARIS CLUB PAYEE
PARIS CLUB PAYEE
PARIS CLUB PAYEE"
AMEC FOSTER WHEELER ENERGY LIMITED,00303748,00003983,00003983,"BUYER CREDIT GUARANTEE
LINE OF CREDIT GUARANTEE
PROJECT FINANCING GUARANTEE","EXPORTER/OII INVESTOR
EXPORTER/OII INVESTOR
EXPORTER/OII INVESTOR"
AMPCONTROL UK LIMITED,00308009,00003024,00003024,BUYER CREDIT GUARANTEE,EXPORTER/OII INVESTOR
APPLE BANK FOR SAVINGS (USA),00318784,00223404,00223404,"ASSET BASED GUARANTEE
BUYER CREDIT GUARANTEE
SUPPLIER CREDIT FINANCE GUARANTEE
BUYER CREDIT GUARANTEE
ASSET BASED GUARANTEE
SUPPLIER CREDIT FINANCE GUARANTEE
ASSET BASED GUARANTEE","LEAD/AGENT BANK
LEAD/AGENT BANK
LEAD/AGENT BANK
SYNDICATE LENDER
SOLE LENDER
SYNDICATE LENDER
SYNDICATE LENDER"
APV UK PLC,00303334,00004058,00004058,"PARIS CLUB CI TRANCHE
BUYER CREDIT GUARANTEE
PARIS CLUB OD TRANCHE","PARIS CLUB PAYEE
EXPORTER/OII INVESTOR
PARIS CLUB PAYEE"
ARAB AFRICAN INTERNATIONAL BANK,00306917,00000519,00000519,BUYER CREDIT GUARANTEE,SYNDICATE LENDER
ARAB BANK PLC,00300738,00000522,00000522,"ASSET BASED GUARANTEE
BUYER CREDIT GUARANTEE","SYNDICATE LENDER
SYNDICATE LENDER"
ASG ASSET MANAGEMENT UAB,00318809,00286144,00286144,"BUYER CREDIT GUARANTEE
ASSET BASED GUARANTEE","FACILITY CUSTOMER
FACILITY CUSTOMER"
ASPEN INSURANCE UK LIMITED,00309005,00270895,00270895,"BUYER CREDIT GUARANTEE
BUYER CREDIT GUARANTEE
LINE OF CREDIT GUARANTEE
LINE OF CREDIT GUARANTEE","RE-INSURER ECA
PARIS CLUB PAYEE
PARIS CLUB PAYEE
RE-INSURER ECA"
ATLAS AIR INC,00314228,00265028,00265028,BUYER CREDIT GUARANTEE,FACILITY CUSTOMER
ATLAS AIR WORLDWIDE HOLDINGS,00300018,00271937,00271937,BUYER CREDIT GUARANTEE,Ultimate Obligor
AVENTIS PHARMA LIMITED,00306529,00000874,00000874,"PARIS CLUB OD TRANCHE
BUYER CREDIT GUARANTEE
PARIS CLUB CI TRANCHE
PARIS CLUB FD TRANCHE","PARIS CLUB PAYEE
PARIS CLUB PAYEE
PARIS CLUB PAYEE
PARIS CLUB PAYEE"
AVIA SOLUTIONS GROUP,00318798,00286157,00286157,"BUYER CREDIT GUARANTEE
ASSET BASED GUARANTEE","Ultimate Obligor
Ultimate Obligor"
BA HOLDING A.G.,00313747,00000341,00000341,BUYER CREDIT GUARANTEE,SYNDICATE LENDER
BABCOCK MARINE SHIPBUILDING LIMITED,00326560,00295101,00295101,BUYER CREDIT GUARANTEE,EXPORTER/OII INVESTOR
BAE SYSTEMS (MILITARY AIRCRAFT) LIMITED,00310413,00004348,00004348,BUYER CREDIT GUARANTEE,EXPORTER/OII INVESTOR
BAE SYSTEMS PLC,00303383,00004343,00004343,"BUYER CREDIT GUARANTEE
EXPORT INSURANCE (EXIP)
EXPORT INSURANCE (EXIP)
PARIS CLUB CI TRANCHE
LINE OF CREDIT GUARANTEE
PARIS CLUB OD TRANCHE","EXPORTER/OII INVESTOR
EXPORTER/OII INVESTOR
UNINSURED AMOUNT
PARIS CLUB PAYEE
EXPORTER/OII INVESTOR
PARIS CLUB PAYEE"
BAHRAIN PETROLEUM COMPANY (BAPCO),00312321,00001189,00001189,"DL LOAN (ENHANCED)
BUYER CREDIT GUARANTEE
BUYER CREDIT GUARANTEE
DL LOAN (ENHANCED)","Ultimate Obligor
Ultimate Obligor
FACILITY CUSTOMER
FACILITY CUSTOMER"
BAKER HUGHES A GE COMPANY,00306620,00274976,00274976,"LINE OF CREDIT GUARANTEE
BUYER CREDIT GUARANTEE","EXPORTER/OII INVESTOR
EXPORTER/OII INVESTOR"
BALFOUR BEATTY PLC,00300166,00004281,00004281,BUYER CREDIT GUARANTEE,EXPORTER/OII INVESTOR
BALFOUR BEATTY POWER CONSTRUCTION LTD,00303218,00004287,00004287,"BUYER CREDIT GUARANTEE
PARIS CLUB CI TRANCHE
PARIS CLUB OD TRANCHE","EXPORTER/OII INVESTOR
PARIS CLUB PAYEE
PARIS CLUB PAYEE"
BALFOUR KILPATRICK LIMITED,00302002,00004310,00004310,BUYER CREDIT GUARANTEE,EXPORTER/OII INVESTOR
BALFOUR WILLIAMSON & CO LTD.,00300123,00004576,00004576,"PARIS CLUB CI TRANCHE
BUYER CREDIT GUARANTEE","PARIS CLUB PAYEE
EXPORTER/OII INVESTOR"
BANK FOR FOREIGN ECONOMIC AFFAIRS OF THE USSR,NULL,00000710,00000710,"BUYER CREDIT GUARANTEE
BUYER CREDIT GUARANTEE","FACILITY CUSTOMER
Ultimate Obligor"
BANK OF GHANA,00312330,00003595,00003595,BUYER CREDIT GUARANTEE,Ultimate Obligor
BANK SEPAH INTERNATIONAL PLC,00307208,00001439,00001439,BUYER CREDIT GUARANTEE,SYNDICATE LENDER
BANKERS TRUST INTERNATIONAL PLC,00307458,00003699,00003699,BUYER CREDIT GUARANTEE,SYNDICATE LENDER
BANKINTER S.A.,00317651,00278774,00278774,"ASSET BASED GUARANTEE
BUYER CREDIT GUARANTEE","SYNDICATE LENDER
SYNDICATE LENDER"
BARCLAYS BANK PLC,00300130,00005672,00005672,"ASSET BASED GUARANTEE
BUYER CREDIT GUARANTEE
ASSET BASED GUARANTEE
PARIS CLUB CI TRANCHE
PARIS CLUB OD TRANCHE","LEAD/AGENT BANK
SYNDICATE LENDER
SYNDICATE LENDER
PARIS CLUB PAYEE
PARIS CLUB PAYEE"
BARCLAYS BANK PLC,00300130,00005675,00005675,"BUYER CREDIT GUARANTEE
PARIS CLUB CI TRANCHE
BUYER CREDIT GUARANTEE
LINE OF CREDIT GUARANTEE
PARIS CLUB OD TRANCHE","LEAD/AGENT BANK
PARIS CLUB PAYEE
SYNDICATE LENDER
LEAD/AGENT BANK
PARIS CLUB PAYEE"
BAYERISCHE LANDESBANK,00308933,00000329,00000329,"ASSET BASED GUARANTEE
BUYER CREDIT GUARANTEE
ASSET BASED GUARANTEE
SUPPLIER CREDIT FINANCE GUARANTEE","LEAD/AGENT BANK
SYNDICATE LENDER
SYNDICATE LENDER
SYNDICATE LENDER"
BILKENT HOLDING AS,NULL,00003556,00003556,BUYER CREDIT GUARANTEE,FACILITY CUSTOMER
BIWATER INTERNATIONAL LIMITED,00304552,00004315,00004315,"BOND SUPPORT
BOND SUPPORT
BOND INSURANCE POLICY
DL LOAN (ENHANCED)
BUYER CREDIT GUARANTEE","Ultimate Obligor
FACILITY CUSTOMER
EXPORTER/OII INVESTOR
EXPORTER/OII INVESTOR
EXPORTER/OII INVESTOR"
BNP PARIBAS SA FRANCE,00317434,00288764,00288764,"BUYER CREDIT GUARANTEE
BUYER CREDIT GUARANTEE","LEAD/AGENT BANK
SYNDICATE LENDER"
BOBST MANCHESTER LTD,00309330,00004334,00004334,"BUYER CREDIT GUARANTEE
SUPPLIER CREDIT FINANCE GUARANTEE","EXPORTER/OII INVESTOR
EXPORTER/OII INVESTOR"
CEF (PROPRIETARY) LIMITED,NULL,00003668,00003668,BUYER CREDIT GUARANTEE,FACILITY CUSTOMER
CHINA DEVELOPMENT BANK,00312513,00003687,00003687,"BUYER CREDIT GUARANTEE
ASSET BASED GUARANTEE
BUYER CREDIT GUARANTEE","FACILITY CUSTOMER
SYNDICATE LENDER
Ultimate Obligor"
CITIBANK N.A.,00320087,00290843,00290843,"DL LOAN (ENHANCED)
BUYER CREDIT GUARANTEE
ASSET BASED GUARANTEE
ASSET BASED GUARANTEE
BUYER CREDIT GUARANTEE","DL PANEL AGENT BANK
LEAD/AGENT BANK
LEAD/AGENT BANK
SYNDICATE LENDER
SYNDICATE LENDER"
CLEVELAND BRIDGE & ENGINEERING COMPANY LTD,00309072,00004088,00004088,"BUYER CREDIT GUARANTEE
PARIS CLUB CI TRANCHE
PARIS CLUB FD TRANCHE","EXPORTER/OII INVESTOR
PARIS CLUB PAYEE
PARIS CLUB PAYEE"
CLEVELAND BRIDGE UK LTD,00308063,00004109,00004109,"BOND INSURANCE POLICY
BUYER CREDIT GUARANTEE","EXPORTER/OII INVESTOR
EXPORTER/OII INVESTOR"
CRANE PROCESS FLOW TECHNOLOGIES LTD,00302890,00004457,00004457,BUYER CREDIT GUARANTEE,PARIS CLUB PAYEE
CREDIT SUISSE AG,00300747,00288844,00288844,BUYER CREDIT GUARANTEE,LEAD/AGENT BANK
CROWN AGENTS SERVICES LIMITED,00306845,00003715,00003715,BUYER CREDIT GUARANTEE,EXPORTER/OII INVESTOR
DAVIS DERBY LIMITED,00313957,00003025,00003025,BUYER CREDIT GUARANTEE,EXPORTER/OII INVESTOR
"DEPT OF FINANCE, PHILIPPINES",NULL,00003647,00003647,"BUYER CREDIT GUARANTEE
BUYER CREDIT GUARANTEE","FACILITY CUSTOMER
Ultimate Obligor"
DEUTSCHE BANK SAEU,00326194,00294841,00294841,BUYER CREDIT GUARANTEE,SYNDICATE LENDER
DEVELOPMENT TRUST OF ZIMBABWE,00311974,00003956,00003956,BUYER CREDIT GUARANTEE,FACILITY CUSTOMER
DO NOT USE,NULL,00003594,00003594,BUYER CREDIT GUARANTEE,FACILITY CUSTOMER
DOF SUBSEA AS,NULL,00217179,00217179,BUYER CREDIT GUARANTEE,Ultimate Obligor
DOFCON AS,NULL,00225158,00225158,BUYER CREDIT GUARANTEE,FACILITY CUSTOMER
DOGUS CELIKLER OZKAR IS ORTAKLIGI TICARI ISLETMESI,00327742,00294039,00294039,BUYER CREDIT GUARANTEE,EXPORTER/OII INVESTOR
DOOSAN BABCOCK ENERGY LIMITED,00300119,00004140,00004140,"BUYER CREDIT GUARANTEE
EXPORT INSURANCE (EXIP)
EXPORT INSURANCE (EXIP)
PARIS CLUB CI TRANCHE
PARIS CLUB FD TRANCHE
PARIS CLUB OD TRANCHE","PARIS CLUB PAYEE
EXPORTER/OII INVESTOR
UNINSURED AMOUNT
PARIS CLUB PAYEE
PARIS CLUB PAYEE
PARIS CLUB PAYEE"
DOSCO OVERSEAS ENGINEERING LTD,00302756,00003877,00003877,"BUYER CREDIT GUARANTEE
PARIS CLUB CI TRANCHE
PARIS CLUB OD TRANCHE","EXPORTER/OII INVESTOR
PARIS CLUB PAYEE
PARIS CLUB PAYEE"
DUBAI HOLDING COMMERCIAL OPERATIONS GROUP LLC,00317208,00278327,00278327,BUYER CREDIT GUARANTEE,Ultimate Obligor
DUBAI WORLD TRADE CENTRE LLC,00312411,00239974,00239974,"DL LOAN (ENHANCED)
DL LOAN (ENHANCED)
BUYER CREDIT GUARANTEE
BUYER CREDIT GUARANTEE","Ultimate Obligor
FACILITY CUSTOMER
Ultimate Obligor
FACILITY CUSTOMER"
ECC CARD CLOTHING LTD.,00301595,00002066,00002066,BUYER CREDIT GUARANTEE,PARIS CLUB PAYEE
"EGYPT, MINISTRY OF FINANCE",00326166,00208554,00208554,"ASSET BASED GUARANTEE
BUYER CREDIT GUARANTEE
BUYER CREDIT GUARANTEE","Ultimate Obligor
FACILITY CUSTOMER
Ultimate Obligor"
EMBRAER NETHERLANDS FINANCE,00319869,00290544,00290544,BUYER CREDIT GUARANTEE,FACILITY CUSTOMER
ETIHAD EXPORT CREDIT INSURANCE COM PANY PJSC (ECI),NULL,00285866,00285866,BUYER CREDIT GUARANTEE,RE-INSURER ECA
GAIL (INDIA) LIMITED,00312470,00002423,00002423,"BUYER CREDIT GUARANTEE
BUYER CREDIT GUARANTEE","Ultimate Obligor
FACILITY CUSTOMER"
GE AIRCRAFT ENGINE SERVICES LIMITED,00313767,00265012,00265012,BUYER CREDIT GUARANTEE,EXPORTER/OII INVESTOR
GE GLOBAL PARTS & PRODUCTS GMBH,00316017,00277977,00277977,"BUYER CREDIT GUARANTEE
DL LOAN (ENHANCED)","EXPORTER/OII INVESTOR
EXPORTER/OII INVESTOR"
"GHANA, MINISTRY OF FINANCE",00316033,00204831,00204831,"DL LOAN (ENHANCED)
BUYER CREDIT GUARANTEE
BUYER CREDIT GUARANTEE
DL LOAN (ENHANCED)","Ultimate Obligor
FACILITY CUSTOMER
Ultimate Obligor
FACILITY CUSTOMER"
GLENO INDUSTRIAL CONSULTANTS,NULL,00000416,00000416,BUYER CREDIT GUARANTEE,EXPORTER/OII INVESTOR
GTSL MILLENIUM CO. LIMITED,00302810,00004093,00004093,BUYER CREDIT GUARANTEE,EXPORTER/OII INVESTOR
HSBC BANK PLC,00300370,00005734,00005734,"ASSET BASED GUARANTEE
BUYER CREDIT GUARANTEE
BUYER CREDIT GUARANTEE
ASSET BASED GUARANTEE
DL LOAN (ENHANCED)
PARIS CLUB CI TRANCHE
BUYER CREDIT GUARANTEE
PARIS CLUB OD TRANCHE","LEAD/AGENT BANK
LEAD/AGENT BANK
SOLE LENDER
SYNDICATE LENDER
DL PANEL AGENT BANK
PARIS CLUB PAYEE
SYNDICATE LENDER
PARIS CLUB PAYEE"
HSBC BANK PLC,00312593,00223252,00223252,"BUYER CREDIT GUARANTEE
ASSET BASED GUARANTEE
BUYER CREDIT GUARANTEE","LEAD/AGENT BANK
SYNDICATE LENDER
SYNDICATE LENDER"
INDUSTRIAL DEVELOPMENT CORP OF SOUTH AFRICA LTD,NULL,00003667,00003667,BUYER CREDIT GUARANTEE,Ultimate Obligor
INDUSTRIAL TURBINE COMPANY (UK) LTD,00305412,00259082,00259082,"DL LOAN (ENHANCED)
BUYER CREDIT GUARANTEE","EXPORTER/OII INVESTOR
EXPORTER/OII INVESTOR"
ING BANK NV,00307610,00000526,00000526,"BUYER CREDIT GUARANTEE
ASSET BASED GUARANTEE
ASSET BASED GUARANTEE","SYNDICATE LENDER
LEAD/AGENT BANK
SYNDICATE LENDER"
INTERNATIONAL MILITARY SERVICES LIMITED,00301219,00000378,00000378,"BUYER CREDIT GUARANTEE
PARIS CLUB CI TRANCHE
PARIS CLUB FD TRANCHE
PARIS CLUB OD TRANCHE","EXPORTER/OII INVESTOR
PARIS CLUB PAYEE
PARIS CLUB PAYEE
PARIS CLUB PAYEE"
INTERSERVE RAIL LIMITED,00302231,00004354,00004354,BUYER CREDIT GUARANTEE,EXPORTER/OII INVESTOR
INTESA SANPAOLO S.P.A DUBAI BRANCH,00325421,00290079,00290079,BUYER CREDIT GUARANTEE,SYNDICATE LENDER
INVESTEC BANK LIMITED,00311767,00252549,00252549,"BUYER CREDIT GUARANTEE
DL LOAN (ENHANCED)
BUYER CREDIT GUARANTEE","LEAD/AGENT BANK
DL PANEL AGENT BANK
SYNDICATE LENDER"
"IRAQ, MINISTRY OF FINANCE",00315294,00293894,00293894,"DL LOAN (ENHANCED)
DL LOAN (ENHANCED)
BUYER CREDIT GUARANTEE
BUYER CREDIT GUARANTEE","FACILITY CUSTOMER
Ultimate Obligor
Ultimate Obligor
FACILITY CUSTOMER"
JOY GLOBAL INDUSTRIES LIMITED,00304549,00004386,00004386,BUYER CREDIT GUARANTEE,EXPORTER/OII INVESTOR
JPMORGAN EUROPE LIMITED,00301419,00228473,00228473,"ASSET BASED GUARANTEE
DL LOAN (ENHANCED)
ASSET BASED GUARANTEE
BUYER CREDIT GUARANTEE
BUYER CREDIT GUARANTEE","LEAD/AGENT BANK
DL PANEL AGENT BANK
SYNDICATE LENDER
LEAD/AGENT BANK
SYNDICATE LENDER"
KARTEL,NULL,00003340,00003340,"BUYER CREDIT GUARANTEE
BUYER CREDIT GUARANTEE","FACILITY CUSTOMER
Ultimate Obligor"
KAYALI ENERJI URETIM A.S.,NULL,00249828,00249828,"BUYER CREDIT GUARANTEE
DL LOAN (ENHANCED)","FACILITY CUSTOMER
FACILITY CUSTOMER"
KBC FINANCE IRELAND,00314727,00001706,00001706,"BUYER CREDIT GUARANTEE
PROJECT FINANCING GUARANTEE","SYNDICATE LENDER
SYNDICATE LENDER"
KFW IPEX-BANK GMBH,00311909,00225556,00225556,"ASSET BASED GUARANTEE
BUYER CREDIT GUARANTEE
ASSET BASED GUARANTEE
BUYER CREDIT GUARANTEE","LEAD/AGENT BANK
LEAD/AGENT BANK
SYNDICATE LENDER
SYNDICATE LENDER"
KIER INFRASTRUCTURE & OVERSEAS LTD,00303415,00245017,00245017,"DL LOAN (ENHANCED)
BUYER CREDIT GUARANTEE","EXPORTER/OII INVESTOR
EXPORTER/OII INVESTOR"
KOMMUNALKREDIT AUSTRIA AG,00324835,00294385,00294385,BUYER CREDIT GUARANTEE,SYNDICATE LENDER
KOREA AEROSPACE INDUSTRIES LTD,00319140,00295939,00295939,BUYER CREDIT GUARANTEE,EXPORTER/OII INVESTOR
KUKE,NULL,00294054,00294054,BUYER CREDIT GUARANTEE,RE-INSURER ECA
KURDISTAN REGIONAL GOVERNMENT,NULL,00256434,00256434,"DL LOAN (ENHANCED)
DL LOAN (ENHANCED)
BUYER CREDIT GUARANTEE
BUYER CREDIT GUARANTEE","Ultimate Obligor
FACILITY CUSTOMER
Ultimate Obligor
FACILITY CUSTOMER"
LANDESBANK BADEN-WURTTEMBERG,00309462,00213011,00213011,"ASSET BASED GUARANTEE
BUYER CREDIT GUARANTEE
ASSET BASED GUARANTEE
SUPPLIER CREDIT FINANCE GUARANTEE","LEAD/AGENT BANK
SYNDICATE LENDER
SYNDICATE LENDER
LEAD/AGENT BANK"
LINK ELECTRONICS LIMITED,00302913,00001703,00001703,"BUYER CREDIT GUARANTEE
PARIS CLUB CI TRANCHE
PARIS CLUB FD TRANCHE
PARIS CLUB OD TRANCHE","EXPORTER/OII INVESTOR
PARIS CLUB PAYEE
PARIS CLUB PAYEE
PARIS CLUB PAYEE"
LLOYDS SYNDICATE 1183 TALBOT,00405585,00275997,00275997,BUYER CREDIT GUARANTEE,RE-INSURER ECA
LLOYDS SYNDICATE 1225 AEGIS,00405587,00276015,00276015,"PROJECT FINANCING GUARANTEE
BUYER CREDIT GUARANTEE","RE-INSURER ECA
RE-INSURER ECA"
LLOYDS SYNDICATE 1274 ANTARES,00405586,00275935,00275935,BUYER CREDIT GUARANTEE,RE-INSURER ECA
LLOYDS SYNDICATE 1414 ASCOT,00315335,00277831,00277831,"LINE OF CREDIT GUARANTEE
SUPPLIER CREDIT FINANCE GUARANTEE
BUYER CREDIT GUARANTEE
LINE OF CREDIT GUARANTEE","RE-INSURER ECA
RE-INSURER ECA
RE-INSURER ECA
PARIS CLUB PAYEE"
LLOYDS SYNDICATE 2001 MS AMLIN,00315334,00270916,00270916,BUYER CREDIT GUARANTEE,RE-INSURER ECA
LLOYDS SYNDICATE 2003 CATLIN,00315100,00277784,00277784,"BUYER CREDIT GUARANTEE
BUYER CREDIT GUARANTEE
LINE OF CREDIT GUARANTEE
LINE OF CREDIT GUARANTEE","PARIS CLUB PAYEE
RE-INSURER ECA
PARIS CLUB PAYEE
RE-INSURER ECA"
LLOYDS SYNDICATE 3000 MARKEL COMPANY LIMITED,00315048,00279829,00279829,"LINE OF CREDIT GUARANTEE
BUYER CREDIT GUARANTEE
BUYER CREDIT GUARANTEE
SUPPLIER CREDIT FINANCE GUARANTEE
LINE OF CREDIT GUARANTEE","PARIS CLUB PAYEE
RE-INSURER ECA
PARIS CLUB PAYEE
RE-INSURER ECA
RE-INSURER ECA"
LLOYD'S SYNDICATE 4472 LIBERTY,00405579,00275903,00275903,"BUYER CREDIT GUARANTEE
PROJECT FINANCING GUARANTEE","RE-INSURER ECA
RE-INSURER ECA"
MARTIN-BAKER AIRCRAFT COMPANY LIMITED,00302945,00003830,00003830,"SUPPLIER CREDIT FINANCE GUARANTEE
BUYER CREDIT GUARANTEE","EXPORTER/OII INVESTOR
EXPORTER/OII INVESTOR"
MEASAT SATELLITE COMMUNICATION SYSTEMS SDN BHD,00320282,00289142,00289142,"BUYER CREDIT GUARANTEE
BUYER CREDIT GUARANTEE","FACILITY CUSTOMER
Ultimate Obligor"
MEDIOCREDITO CENTRALE S.P.A.,00307514,00001128,00001128,BUYER CREDIT GUARANTEE,SYNDICATE LENDER
"MIN OF ECONOMIC AFFAIRS & FINANCE, IRAN",NULL,00001602,00001602,"BUYER CREDIT GUARANTEE
SUPPLIER CREDIT FINANCE GUARANTEE","Ultimate Obligor
Ultimate Obligor"
"MIN OF FINANCE, BANGLADESH",NULL,00003583,00003583,"BUYER CREDIT GUARANTEE
BUYER CREDIT GUARANTEE","FACILITY CUSTOMER
Ultimate Obligor"
"MIN OF FINANCE, DOMINICA",NULL,00003881,00003881,"BUYER CREDIT GUARANTEE
BUYER CREDIT GUARANTEE","FACILITY CUSTOMER
Ultimate Obligor"
"MIN OF FINANCE, NIGERIA",NULL,00000661,00000661,"BUYER CREDIT GUARANTEE
BUYER CREDIT GUARANTEE","FACILITY CUSTOMER
Ultimate Obligor"
"MIN OF FINANCE, TRINIDAD & TOBAGO",NULL,00003674,00003674,"EXPORT INSURANCE (EXIP)
BOND INSURANCE POLICY
BOND INSURANCE POLICY
EXPORT INSURANCE (EXIP)
BUYER CREDIT GUARANTEE
BUYER CREDIT GUARANTEE","FACILITY CUSTOMER
Ultimate Obligor
FACILITY CUSTOMER
Ultimate Obligor
Ultimate Obligor
FACILITY CUSTOMER"
"MIN OF FINANCE, VENEZUELA",NULL,00003630,00003630,"BUYER CREDIT GUARANTEE
BUYER CREDIT GUARANTEE
SUPPLIER CREDIT FINANCE GUARANTEE
SUPPLIER CREDIT FINANCE GUARANTEE","FACILITY CUSTOMER
Ultimate Obligor
Ultimate Obligor
FACILITY CUSTOMER"
"MIN OF HEAVY INDUSTRIES, IRAQ",NULL,00000648,00000648,BUYER CREDIT GUARANTEE,FACILITY CUSTOMER
"MIN OF NATIONAL DEFENCE, ROMANIA",NULL,00004247,00004247,BUYER CREDIT GUARANTEE,FACILITY CUSTOMER
MITSUBISHI UFJ FINANCIAL GROUP,00308702,00291482,00291482,"DL LOAN (ENHANCED)
BUYER CREDIT GUARANTEE
LINE OF CREDIT GUARANTEE","DL PANEL AGENT BANK
LEAD/AGENT BANK
LEAD/AGENT BANK"
MITSUI BABCOCK ENERGY SERVICES LTD,00308749,00004139,00004139,BUYER CREDIT GUARANTEE,EXPORTER/OII INVESTOR
MIVAN INTERNATIONAL LTD,00308259,00004574,00004574,"BUYER CREDIT GUARANTEE
PARIS CLUB CI TRANCHE
PARIS CLUB FD TRANCHE","EXPORTER/OII INVESTOR
PARIS CLUB PAYEE
PARIS CLUB PAYEE"
ACROW GLOBAL LIMITED,00319456,00287124,00287124,BUYER CREDIT GUARANTEE,EXPORTER/OII INVESTOR
AGUSTAWESTLAND LIMITED,00302903,00003986,00003986,"PARIS CLUB CI TRANCHE
SUPPLIER CREDIT FINANCE GUARANTEE
BUYER CREDIT GUARANTEE
PARIS CLUB OD TRANCHE","PARIS CLUB PAYEE
EXPORTER/OII INVESTOR
EXPORTER/OII INVESTOR
PARIS CLUB PAYEE"
AIR PRODUCTS PLC,00302777,00000372,00000372,"BUYER CREDIT GUARANTEE
PARIS CLUB CI TRANCHE
PARIS CLUB OD TRANCHE","EXPORTER/OII INVESTOR
PARIS CLUB PAYEE
PARIS CLUB PAYEE"
ALSTOM POWER PLANTS LTD,00311204,00004568,00004568,"BUYER CREDIT GUARANTEE
BOND INSURANCE POLICY","EXPORTER/OII INVESTOR
EXPORTER/OII INVESTOR"
AMERICAN INTERNATIONAL GROUP UK LTD,00307160,00270863,00270863,BUYER CREDIT GUARANTEE,RE-INSURER ECA
AON LIMITED UK,00301454,00270888,00270888,"BUYER CREDIT GUARANTEE
LINE OF CREDIT GUARANTEE","RE-INSURER ECA
RE-INSURER ECA"
ARCELORMITTAL SA (LUXEMBOURG),NULL,00260926,00260926,BUYER CREDIT GUARANTEE,Ultimate Obligor
ATRADIUS DSB NV,NULL,00000397,00000397,BUYER CREDIT GUARANTEE,RE-INSURER ECA
AVIVA LIFE & PENSIONS UK LIMITED,00311613,00274823,00274823,"BUYER CREDIT GUARANTEE
PROJECT FINANCING GUARANTEE","SYNDICATE LENDER
SYNDICATE LENDER"
AXA XL INSURANCE COMPANY LIMITED,00315100,00293506,00293506,"BUYER CREDIT GUARANTEE
SUPPLIER CREDIT FINANCE GUARANTEE","RE-INSURER ECA
RE-INSURER ECA"
BABCOCK INTERNATIONAL GROUP PLC,00311130,00004277,00004277,BUYER CREDIT GUARANTEE,EXPORTER/OII INVESTOR
BAE SYSTEMS (OMAN) LIMITED,00311001,00235042,00235042,"BOND INSURANCE POLICY
EXPORT INSURANCE (EXIP)
BUYER CREDIT GUARANTEE
EXPORT INSURANCE (EXIP)","EXPORTER/OII INVESTOR
EXPORTER/OII INVESTOR
EXPORTER/OII INVESTOR
UNINSURED AMOUNT"
BALFOUR BEATTY GROUP LIMITED,00300122,00004285,00004285,"BUYER CREDIT GUARANTEE
EXPORT INSURANCE (EXIP)
EXPORT INSURANCE (EXIP)
PARIS CLUB CI TRANCHE
PARIS CLUB OD TRANCHE","EXPORTER/OII INVESTOR
UNINSURED AMOUNT
EXPORTER/OII INVESTOR
PARIS CLUB PAYEE
PARIS CLUB PAYEE"
BAM NUTTALL LIMITED,00300360,00003853,00003853,"EXPORT INSURANCE (EXIP)
EXPORT INSURANCE (EXIP)
BUYER CREDIT GUARANTEE","EXPORTER/OII INVESTOR
UNINSURED AMOUNT
EXPORTER/OII INVESTOR"
BANK GOSPODARSTWA KRAJOWEGO,00325995,00293018,00293018,"BUYER CREDIT GUARANTEE
X DL LOAN (STANDARD) DONOTUSE
DL LOAN (ENHANCED)","FACILITY CUSTOMER
FACILITY CUSTOMER
FACILITY CUSTOMER"
BANK OF CHINA,00300126,00000715,00000715,"BUYER CREDIT GUARANTEE
ASSET BASED GUARANTEE","SYNDICATE LENDER
SYNDICATE LENDER"
BANK OF CHINA,00312504,00003588,00003588,"ASSET BASED GUARANTEE
ASSET BASED GUARANTEE
BOND INSURANCE POLICY
BUYER CREDIT GUARANTEE
BUYER CREDIT GUARANTEE
EXPORT INSURANCE (EXIP)","Ultimate Obligor
FACILITY CUSTOMER
Ultimate Obligor
FACILITY CUSTOMER
Ultimate Obligor
Ultimate Obligor"
BANK OF SCOTLAND,00300521,00002781,00002781,"ASSET BASED GUARANTEE
ASSET BASED GUARANTEE
PARIS CLUB CI TRANCHE
BUYER CREDIT GUARANTEE
ASSET BASED GUARANTEE
PARIS CLUB OD TRANCHE","LEAD/AGENT BANK
SOLE LENDER
PARIS CLUB PAYEE
SYNDICATE LENDER
SYNDICATE LENDER
PARIS CLUB PAYEE"
BANK OF TOKYO-MITSUBISHI UFJ LTD,00307739,00000352,00000352,"ASSET BASED GUARANTEE
BUYER CREDIT GUARANTEE
ASSET BASED GUARANTEE","LEAD/AGENT BANK
SYNDICATE LENDER
SYNDICATE LENDER"
BANK OTKRITIE FINANCIAL CORPORATION,NULL,00228264,00228264,"BUYER CREDIT GUARANTEE
SUPPLIER CREDIT FINANCE GUARANTEE
SUPPLIER CREDIT FINANCE GUARANTEE","SYNDICATE LENDER
Ultimate Obligor
FACILITY CUSTOMER"
BARCLAYS BANK PLC,00307525,00005664,00005664,"PARIS CLUB CI TRANCHE
BUYER CREDIT GUARANTEE
PARIS CLUB OD TRANCHE","PARIS CLUB PAYEE
PARIS CLUB PAYEE
PARIS CLUB PAYEE"
BECHTEL ENKA UK LTD,00318331,00287697,00287697,BUYER CREDIT GUARANTEE,EXPORTER/OII INVESTOR
BETA LULA CENTRAL S.A.R.L,00310079,00250883,00250883,"BUYER CREDIT GUARANTEE
BUYER CREDIT GUARANTEE","Ultimate Obligor
FACILITY CUSTOMER"
BIS ELEKTRIK URETIM A.S.,NULL,00204893,00204893,"BUYER CREDIT GUARANTEE
BUYER CREDIT GUARANTEE","Ultimate Obligor
FACILITY CUSTOMER"
BNP-PARIBAS,00308519,00001734,00001734,"ASSET BASED GUARANTEE
ASSET BASED GUARANTEE
BUYER CREDIT GUARANTEE
DL LOAN (ENHANCED)
BUYER CREDIT GUARANTEE
ASSET BASED GUARANTEE
PROJECT FINANCING GUARANTEE
SUPPLIER CREDIT FINANCE GUARANTEE
SUPPLIER CREDIT FINANCE GUARANTEE","SOLE LENDER
LEAD/AGENT BANK
LEAD/AGENT BANK
DL PANEL AGENT BANK
SYNDICATE LENDER
SYNDICATE LENDER
SYNDICATE LENDER
SOLE LENDER
SYNDICATE LENDER"
BONNY PROJECT MANAGEMENT COMPANY LIMITED,00314037,00004535,00004535,BUYER CREDIT GUARANTEE,EXPORTER/OII INVESTOR
BRIDON INTERNATIONAL LTD,00301822,00004404,00004404,"BUYER CREDIT GUARANTEE
PARIS CLUB CI TRANCHE
PARIS CLUB OD TRANCHE","PARIS CLUB PAYEE
PARIS CLUB PAYEE
PARIS CLUB PAYEE"
BRUSH ELECTRICAL MACHINES LIMITED,00304572,00004405,00004405,BUYER CREDIT GUARANTEE,EXPORTER/OII INVESTOR
CARILLION CONSTRUCTION LTD,00306864,00004235,00004235,"BUYER CREDIT GUARANTEE
DL LOAN (ENHANCED)","EXPORTER/OII INVESTOR
EXPORTER/OII INVESTOR"
CHINA CONSTRUCTION BANK,00312520,00000361,00000361,"ASSET BASED GUARANTEE
ASSET BASED GUARANTEE
BOND INSURANCE POLICY
BUYER CREDIT GUARANTEE
BUYER CREDIT GUARANTEE","Ultimate Obligor
FACILITY CUSTOMER
Ultimate Obligor
Ultimate Obligor
FACILITY CUSTOMER"
CITIBANK EUROPE PLC,00314728,00221385,00221385,"BUYER CREDIT GUARANTEE
ASSET BASED GUARANTEE","SYNDICATE LENDER
SYNDICATE LENDER"
CITIBANK INTERNATIONAL LIMITED,00300862,00000992,00000992,"ASSET BASED GUARANTEE
BUYER CREDIT GUARANTEE
ASSET BASED GUARANTEE
BUYER CREDIT GUARANTEE
ASSET BASED GUARANTEE","SOLE LENDER
LEAD/AGENT BANK
LEAD/AGENT BANK
SYNDICATE LENDER
SYNDICATE LENDER"
COLAS (GABON) UK LIMITED,00306476,00278569,00278569,"BUYER CREDIT GUARANTEE
DL LOAN (ENHANCED)","EXPORTER/OII INVESTOR
EXPORTER/OII INVESTOR"
COLAS AFRIQUE SA,00318850,00285812,00285812,BUYER CREDIT GUARANTEE,EXPORTER/OII INVESTOR
COMMERZBANK,00309445,00213005,00213005,"ASSET BASED GUARANTEE
SUPPLIER CREDIT FINANCE GUARANTEE
BUYER CREDIT GUARANTEE","SYNDICATE LENDER
LEAD/AGENT BANK
SYNDICATE LENDER"
COMPANHIA SIDERURGICA DE TUBARAO (CST),NULL,00003926,00003926,"SUPPLIER CREDIT FINANCE GUARANTEE
SUPPLIER CREDIT FINANCE GUARANTEE
BUYER CREDIT GUARANTEE
BUYER CREDIT GUARANTEE","FACILITY CUSTOMER
Ultimate Obligor
FACILITY CUSTOMER
Ultimate Obligor"
COMPANHIA SIDERURGICA NACIONAL (CSN),00312686,00004116,00004116,"BUYER CREDIT GUARANTEE
BUYER CREDIT GUARANTEE","Ultimate Obligor
FACILITY CUSTOMER"
CREDIT AGRICOLE CIB LONDON BRANCH,00307570,00003593,00003593,"ASSET BASED GUARANTEE
ASSET BASED GUARANTEE
BUYER CREDIT GUARANTEE
PARIS CLUB CI TRANCHE
BUYER CREDIT GUARANTEE
ASSET BASED GUARANTEE
DL LOAN (ENHANCED)
PARIS CLUB OD TRANCHE
SUPPLIER CREDIT FINANCE GUARANTEE
PROJECT FINANCING GUARANTEE
SUPPLIER CREDIT FINANCE GUARANTEE","SOLE LENDER
LEAD/AGENT BANK
LEAD/AGENT BANK
PARIS CLUB PAYEE
SYNDICATE LENDER
SYNDICATE LENDER
LEAD/AGENT BANK
PARIS CLUB PAYEE
LEAD/AGENT BANK
SYNDICATE LENDER
SYNDICATE LENDER"
CREDIT AGRICOLE CIB PARIS BRANCH,NULL,00222067,00222067,"ASSET BASED GUARANTEE
ASSET BASED GUARANTEE
ASSET BASED GUARANTEE
LINE OF CREDIT GUARANTEE
BUYER CREDIT GUARANTEE
LINE OF CREDIT GUARANTEE
BUYER CREDIT GUARANTEE
PROJECT FINANCING GUARANTEE
DL LOAN (ENHANCED)","LEAD/AGENT BANK
SOLE LENDER
SYNDICATE LENDER
LEAD/AGENT BANK
LEAD/AGENT BANK
SYNDICATE LENDER
SYNDICATE LENDER
LEAD/AGENT BANK
DL PANEL AGENT BANK"
CREDIT INDUSTRIEL ET COMMERCIAL (CIC),NULL,00001705,00001705,"BUYER CREDIT GUARANTEE
ASSET BASED GUARANTEE","SYNDICATE LENDER
SYNDICATE LENDER"
ABC INTERNATIONAL BANK PLC,00313709,00003761,00003761,"PARIS CLUB FD TRANCHE
BUYER CREDIT GUARANTEE
BUYER CREDIT GUARANTEE
SUPPLIER CREDIT FINANCE GUARANTEE","PARIS CLUB PAYEE
SOLE LENDER
SYNDICATE LENDER
LEAD/AGENT BANK"
AEROFLOT RUSSIAN AIRLINES JSC,NULL,00003540,00003540,"ASSET BASED GUARANTEE
ASSET BASED GUARANTEE
BUYER CREDIT GUARANTEE
BUYER CREDIT GUARANTEE","FACILITY CUSTOMER
Ultimate Obligor
Ultimate Obligor
FACILITY CUSTOMER"
AIRBUS S.A.S,NULL,00003722,00003722,"BUYER CREDIT GUARANTEE
ASSET BASED GUARANTEE
SUPPLIER CREDIT FINANCE GUARANTEE
ASSET BASED GUARANTEE
ASSET BASED GUARANTEE","EXPORTER/OII INVESTOR
EXPORTER/OII INVESTOR
EXPORTER/OII INVESTOR
RE-INSURER ECA
SYNDICATE LENDER"
AL FAROUQ CONTRACTING COMPANY,NULL,00000312,00000312,BUYER CREDIT GUARANTEE,FACILITY CUSTOMER
ALSTOM T&D SYSTEMS LTD,00313928,00004584,00004584,BUYER CREDIT GUARANTEE,EXPORTER/OII INVESTOR
AMEC INTERNATIONAL CONSTRUCTION LTD.,00304688,00004255,00004255,BUYER CREDIT GUARANTEE,EXPORTER/OII INVESTOR
ANGLO-ROMANIAN BANK LTD,00301103,00000521,00000521,BUYER CREDIT GUARANTEE,SYNDICATE LENDER
"ANGOLA, MINISTRY OF FINANCE",00316760,00269365,00269365,"DL LOAN (ENHANCED)
DL LOAN (ENHANCED)
BUYER CREDIT GUARANTEE
BUYER CREDIT GUARANTEE
SUPPLIER CREDIT FINANCE GUARANTEE
SUPPLIER CREDIT FINANCE GUARANTEE","FACILITY CUSTOMER
Ultimate Obligor
FACILITY CUSTOMER
Ultimate Obligor
Ultimate Obligor
FACILITY CUSTOMER"
ATLAS COVERTING EQUIPMENT LTD,00303506,00269684,00269684,BUYER CREDIT GUARANTEE,EXPORTER/OII INVESTOR
AVERY BERKEL LIMITED,00304094,00004529,00004529,BUYER CREDIT GUARANTEE,PARIS CLUB PAYEE
BAE SYSTEMS (OPERATIONS) LIMITED,00309251,00004345,00004345,"EXPORT INSURANCE (EXIP)
BUYER CREDIT GUARANTEE
SUPPLIER CREDIT FINANCE GUARANTEE
DL LOAN (ENHANCED)
EXPORT INSURANCE (EXIP)
PARIS CLUB CI TRANCHE
PARIS CLUB OD TRANCHE","UNINSURED AMOUNT
EXPORTER/OII INVESTOR
EXPORTER/OII INVESTOR
EXPORTER/OII INVESTOR
EXPORTER/OII INVESTOR
PARIS CLUB PAYEE
PARIS CLUB PAYEE"
BALFOUR BEATTY CONSTRUCTION INTERNATIONAL LIMITED,00309104,00004311,00004311,"EXPORT INSURANCE (EXIP)
BUYER CREDIT GUARANTEE","EXPORTER/OII INVESTOR
EXPORTER/OII INVESTOR"
BANCO BILBAO VIZCAYA ARGENTARIA,00307633,00001838,00001838,"PARIS CLUB OD TRANCHE
BUYER CREDIT GUARANTEE
PARIS CLUB CI TRANCHE","PARIS CLUB PAYEE
SYNDICATE LENDER
PARIS CLUB PAYEE"
BARCLAYS BANK LTD,NULL,00005723,00005723,"PARIS CLUB CI TRANCHE
BUYER CREDIT GUARANTEE
PARIS CLUB OD TRANCHE","PARIS CLUB PAYEE
LEAD/AGENT BANK
PARIS CLUB PAYEE"
BBVA IRELAND PLC,00314681,00221353,00221353,BUYER CREDIT GUARANTEE,SYNDICATE LENDER
BEROA BIERRUM,00317193,00277964,00277964,BUYER CREDIT GUARANTEE,EXPORTER/OII INVESTOR
BGE REALISATIONS LIMITED,00314165,00000369,00000369,"PARIS CLUB CI TRANCHE
BUYER CREDIT GUARANTEE
PARIS CLUB OD TRANCHE","PARIS CLUB PAYEE
PARIS CLUB PAYEE
PARIS CLUB PAYEE"
BIWATER (BVI) LTD,NULL,00222098,00222098,"BUYER CREDIT GUARANTEE
BUYER CREDIT GUARANTEE","Ultimate Obligor
FACILITY CUSTOMER"
BOMBARDIER TRANSPORTATION UK LTD,00310361,00004486,00004486,BUYER CREDIT GUARANTEE,EXPORTER/OII INVESTOR
BPI FRANCE ASSURANCE EXPORT S.A.S,00315356,00289189,00289189,BUYER CREDIT GUARANTEE,LEAD/AGENT BANK
"CAMEROON, MINISTRY OF ECONOMY, PLANNING AND REGIONAL DEVELOPMENT",00316994,00287641,00287641,"DL LOAN (ENHANCED)
DL LOAN (ENHANCED)
BUYER CREDIT GUARANTEE
BUYER CREDIT GUARANTEE","Ultimate Obligor
FACILITY CUSTOMER
Ultimate Obligor
FACILITY CUSTOMER"
CARILLION CONSTRUCTION (WEST INDIES) LIMITED,00308982,00004525,00004525,BUYER CREDIT GUARANTEE,EXPORTER/OII INVESTOR
CARILLION INTERNATIONAL (SPECIAL PROJECTS) LIMITED,00311101,00004238,00004238,BUYER CREDIT GUARANTEE,EXPORTER/OII INVESTOR
CARILLION PLC,00308138,00004237,00004237,"BUYER CREDIT GUARANTEE
DL LOAN (ENHANCED)","EXPORTER/OII INVESTOR
EXPORTER/OII INVESTOR"
CHEMRING EOD LIMITED,00307395,00003280,00003280,"BOND INSURANCE POLICY
PARIS CLUB CI TRANCHE
BUYER CREDIT GUARANTEE
PARIS CLUB FD TRANCHE","EXPORTER/OII INVESTOR
PARIS CLUB PAYEE
EXPORTER/OII INVESTOR
PARIS CLUB PAYEE"
CITIBANK NA,00309998,00000381,00000381,"BUYER CREDIT GUARANTEE
ASSET BASED GUARANTEE
ASSET BASED GUARANTEE","SYNDICATE LENDER
LEAD/AGENT BANK
SYNDICATE LENDER"
COMPAGNIE FRANCAISE D'ASSURANCE POUR LE COMMERCE EXTERIEUR (COFACE),00308411,00294859,00294859,BUYER CREDIT GUARANTEE,RE-INSURER ECA
"COTE D'IVOIRE, MINISTRY OF ECONOMY AND FINANCE",00320292,00285596,00285596,"BUYER CREDIT GUARANTEE
BUYER CREDIT GUARANTEE
DL LOAN (ENHANCED)
DL LOAN (ENHANCED)","Ultimate Obligor
FACILITY CUSTOMER
FACILITY CUSTOMER
Ultimate Obligor"
CREDIT AGRICOLE CORPORATE AND INVES TMENT BANK,00308555,00293205,00293205,BUYER CREDIT GUARANTEE,LEAD/AGENT BANK
CROWN SOLICITORS OFFICE,00310527,00002759,00002759,"BUYER CREDIT GUARANTEE
PARIS CLUB CI TRANCHE
PARIS CLUB FD TRANCHE
PARIS CLUB OD TRANCHE","PARIS CLUB PAYEE
PARIS CLUB PAYEE
PARIS CLUB PAYEE
PARIS CLUB PAYEE"
DEUTSCHE BANK,00302034,00293614,00293614,"BUYER CREDIT GUARANTEE
DL LOAN (ENHANCED)","LEAD/AGENT BANK
DL PANEL AGENT BANK"
DOGUS INSAAT VE TICARET A.S,00326292,00293966,00293966,BUYER CREDIT GUARANTEE,EXPORTER/OII INVESTOR
DUFERCO STEEL PROCESSING (PROPRIETARY) LIMITED,00312718,00000671,00000671,BUYER CREDIT GUARANTEE,FACILITY CUSTOMER
DZ BANK AG,00324178,00246184,00246184,"BUYER CREDIT GUARANTEE
ASSET BASED GUARANTEE","SYNDICATE LENDER
SYNDICATE LENDER"
EADS ASTRIUM LTD,00310177,00231314,00231314,"EXPORT INSURANCE (EXIP)
BUYER CREDIT GUARANTEE
EXPORT INSURANCE (EXIP)","EXPORTER/OII INVESTOR
EXPORTER/OII INVESTOR
UNINSURED AMOUNT"
ELECNOR S.A.,00316043,00276956,00276956,"BUYER CREDIT GUARANTEE
SUPPLIER CREDIT FINANCE GUARANTEE
DL LOAN (ENHANCED)","EXPORTER/OII INVESTOR
EXPORTER/OII INVESTOR
EXPORTER/OII INVESTOR"
ERSTE BANK DER OESTERREICHISCHEN SPARKASSEN AG,00307534,00000536,00000536,BUYER CREDIT GUARANTEE,SYNDICATE LENDER
ETIHAD EXPORT CREDIT INSURANCE COM PANY PJSC,00324037,00288944,00288944,BUYER CREDIT GUARANTEE,RE-INSURER ECA
DELTA GLASS LTD,NULL,00000664,00000664,BUYER CREDIT GUARANTEE,FACILITY CUSTOMER
DEXIA BANQUE INTERNATIONALE A LUXEMBOURG SA,00307810,00000531,00000531,BUYER CREDIT GUARANTEE,SYNDICATE LENDER
DO NOT USE,NULL,00278044,00278044,BUYER CREDIT GUARANTEE,RE-INSURER ECA
DOF INSTALLER ASA,00326668,00294514,00294514,BUYER CREDIT GUARANTEE,Ultimate Obligor
DOF SUBSEA AS,00326664,00227297,00227297,"BUYER CREDIT GUARANTEE
BUYER CREDIT GUARANTEE","FACILITY CUSTOMER
Ultimate Obligor"
DOW MAC CONCRETE LTD,00301713,00000377,00000377,BUYER CREDIT GUARANTEE,EXPORTER/OII INVESTOR
"ELECTRICITY, GAS AND OMNIBUS AUTHORITY (EGO)",NULL,00003678,00003678,BUYER CREDIT GUARANTEE,FACILITY CUSTOMER
ELLIPSE PROJECTS (UK) LTD,00306412,00277433,00277433,"DL LOAN (ENHANCED)
BUYER CREDIT GUARANTEE","EXPORTER/OII INVESTOR
EXPORTER/OII INVESTOR"
EMBRAER SA,00319880,00290554,00290554,BUYER CREDIT GUARANTEE,Ultimate Obligor
EMERSON AUTOMATION SOLUTIONS FINAL CONTROL UK LTD,00301838,00277224,00277224,BUYER CREDIT GUARANTEE,PARIS CLUB PAYEE
ERG INTERNATIONAL UK LTD,00318077,00288783,00288783,BUYER CREDIT GUARANTEE,EXPORTER/OII INVESTOR
EULER HERMES KREDITVERSICHERUNGS AG,NULL,00001137,00001137,"BUYER CREDIT GUARANTEE
ASSET BASED GUARANTEE
SUPPLIER CREDIT FINANCE GUARANTEE
ASSET BASED GUARANTEE","RE-INSURER ECA
UNINSURED AMOUNT
RE-INSURER ECA
RE-INSURER ECA"
EULER HERMES NV (SA),00303810,00001873,00001873,"LINE OF CREDIT GUARANTEE
BUYER CREDIT GUARANTEE
LINE OF CREDIT GUARANTEE","RE-INSURER ECA
RE-INSURER ECA
PARIS CLUB PAYEE"
FORTIS BANK,00307630,00000537,00000537,"SUPPLIER CREDIT FINANCE GUARANTEE
ASSET BASED GUARANTEE
BUYER CREDIT GUARANTEE","SYNDICATE LENDER
SYNDICATE LENDER
SYNDICATE LENDER"
G CUSSONS LTD,00301856,00004572,00004572,BUYER CREDIT GUARANTEE,EXPORTER/OII INVESTOR
GEA HEAT EXCHANGERS S.R.L.,NULL,00259101,00259101,"BUYER CREDIT GUARANTEE
DL LOAN (ENHANCED)","EXPORTER/OII INVESTOR
EXPORTER/OII INVESTOR"
GEMLIK GUBRE SANAYI A.S,00320168,00289991,00289991,BUYER CREDIT GUARANTEE,FACILITY CUSTOMER
HITECH CONSTRUCTION AFRICA LIMITED,00321801,00291467,00291467,"BUYER CREDIT GUARANTEE
DL LOAN (ENHANCED)
LINE OF CREDIT GUARANTEE","EXPORTER/OII INVESTOR
EXPORTER/OII INVESTOR
LEAD/AGENT BANK"
HSBC PLC,00300364,00005673,00005673,"BUYER CREDIT GUARANTEE
BUYER CREDIT GUARANTEE
PARIS CLUB CI TRANCHE
PARIS CLUB OD TRANCHE","LEAD/AGENT BANK
SYNDICATE LENDER
PARIS CLUB PAYEE
PARIS CLUB PAYEE"
INCATUK LIMITED,00306450,00278756,00278756,"DL LOAN (ENHANCED)
BUYER CREDIT GUARANTEE","EXPORTER/OII INVESTOR
EXPORTER/OII INVESTOR"
ING BANK GERMANY,00325453,00242379,00242379,"BUYER CREDIT GUARANTEE
ASSET BASED GUARANTEE","SYNDICATE LENDER
SYNDICATE LENDER"
"ING BANK N.V., NETHERLANDS",00310459,00002552,00002552,"ASSET BASED GUARANTEE
PROJECT FINANCING GUARANTEE
BUYER CREDIT GUARANTEE
BUYER CREDIT GUARANTEE
SUPPLIER CREDIT FINANCE GUARANTEE","LEAD/AGENT BANK
SYNDICATE LENDER
LEAD/AGENT BANK
SYNDICATE LENDER
SYNDICATE LENDER"
J P MORGAN EUROPE LIMITED,00301419,00003696,00003696,"ASSET BASED GUARANTEE
BUYER CREDIT GUARANTEE
DL LOAN (ENHANCED)
ASSET BASED GUARANTEE","LEAD/AGENT BANK
SYNDICATE LENDER
DL PANEL AGENT BANK
SYNDICATE LENDER"
JFD LIMITED,00311311,00217245,00217245,BUYER CREDIT GUARANTEE,EXPORTER/OII INVESTOR
JPMORGAN AG,00319785,00284108,00284108,"X DL LOAN (STANDARD) DONOTUSE
ASSET BASED GUARANTEE
BUYER CREDIT GUARANTEE
ASSET BASED GUARANTEE
DL LOAN (ENHANCED)","DL PANEL AGENT BANK
LEAD/AGENT BANK
LEAD/AGENT BANK
SYNDICATE LENDER
DL PANEL AGENT BANK"
JPMORGAN CHASE BANK N.A.,00300192,00003704,00003704,"BUYER CREDIT GUARANTEE
ASSET BASED GUARANTEE
BUYER CREDIT GUARANTEE
ASSET BASED GUARANTEE
BUYER CREDIT GUARANTEE
DL LOAN (ENHANCED)
LINE OF CREDIT GUARANTEE
PROJECT FINANCING GUARANTEE
PROJECT FINANCING GUARANTEE","LEAD/AGENT BANK
LEAD/AGENT BANK
SOLE LENDER
SYNDICATE LENDER
SYNDICATE LENDER
DL PANEL AGENT BANK
SYNDICATE LENDER
LEAD/AGENT BANK
SYNDICATE LENDER"
KEB HANA BANK,00329089,00296365,00296365,BUYER CREDIT GUARANTEE,SYNDICATE LENDER
KIER CONSTRUCTION LIMITED,00303415,00208027,00208027,BUYER CREDIT GUARANTEE,EXPORTER/OII INVESTOR
KUWAIT NATIONAL PETROLEUM COMPANY,NULL,00226194,00226194,BUYER CREDIT GUARANTEE,FACILITY CUSTOMER
KUWAIT PETROLEUM CORPORATION AND SUBSIDIARIES (KPC),00307709,00271089,00271089,BUYER CREDIT GUARANTEE,Ultimate Obligor
LLOYDS SYNDICATE 0318 CINCINNATI GLOBAL UNDERWRITING AGENCY LTD,00327049,00294918,00294918,BUYER CREDIT GUARANTEE,RE-INSURER ECA
LLOYDS SYNDICATE 2015 CHANNEL,00315342,00277818,00277818,"BUYER CREDIT GUARANTEE
BUYER CREDIT GUARANTEE","PARIS CLUB PAYEE
RE-INSURER ECA"
LLOYDS SYNDICATE 4472 LIBERTY,00315072,00279811,00279811,BUYER CREDIT GUARANTEE,RE-INSURER ECA
LLOYDS SYNDICATE 4472 LIBERTY,00321808,00275912,00275912,"BUYER CREDIT GUARANTEE
PROJECT FINANCING GUARANTEE","RE-INSURER ECA
RE-INSURER ECA"
LLOYDS SYNDICATE1221 HARTFORD,00324862,00293552,00293552,"BUYER CREDIT GUARANTEE
SUPPLIER CREDIT FINANCE GUARANTEE","RE-INSURER ECA
RE-INSURER ECA"
LUXEMBOURG PUBLIC EXPORT CREDITS (ODL),NULL,00001538,00001538,BUYER CREDIT GUARANTEE,RE-INSURER ECA
M W KELLOGG LIMITED,00303382,00004433,00004433,BUYER CREDIT GUARANTEE,EXPORTER/OII INVESTOR
MOBILE TELESYSTEMS,00311976,00002453,00002453,"BUYER CREDIT GUARANTEE
BUYER CREDIT GUARANTEE","Ultimate Obligor
FACILITY CUSTOMER"
MOTOROLA LTD,00302941,00003808,00003808,"BUYER CREDIT GUARANTEE
PARIS CLUB FD TRANCHE","EXPORTER/OII INVESTOR
PARIS CLUB PAYEE"
NAFFCO FZCO,00321547,00287584,00287584,"BUYER CREDIT GUARANTEE
DL LOAN (ENHANCED)","EXPORTER/OII INVESTOR
EXPORTER/OII INVESTOR"
NATIONAL WESTMINSTER BANK PLC,00300356,00004492,00004492,"BUYER CREDIT GUARANTEE
ASSET BASED GUARANTEE
LINE OF CREDIT GUARANTEE
ASSET BASED GUARANTEE
LINE OF CREDIT GUARANTEE
BUYER CREDIT GUARANTEE
PARIS CLUB CI TRANCHE
BUYER CREDIT GUARANTEE
PARIS CLUB FD TRANCHE
SUPPLIER CREDIT FINANCE GUARANTEE
PARIS CLUB OD TRANCHE","SOLE LENDER
LEAD/AGENT BANK
LEAD/AGENT BANK
SYNDICATE LENDER
SYNDICATE LENDER
LEAD/AGENT BANK
PARIS CLUB PAYEE
SYNDICATE LENDER
PARIS CLUB PAYEE
SOLE LENDER
PARIS CLUB PAYEE"
NEI POWER PROJECTS LTD,00301933,00004214,00004214,BUYER CREDIT GUARANTEE,EXPORTER/OII INVESTOR
NEW YORK LIFE INSURANCE COMPANY,00300014,00241998,00241998,"ASSET BASED GUARANTEE
BUYER CREDIT GUARANTEE","SYNDICATE LENDER
SYNDICATE LENDER"
NIGERIA LNG LIMITED,00311694,00003597,00003597,"BUYER CREDIT GUARANTEE
BUYER CREDIT GUARANTEE","Ultimate Obligor
FACILITY CUSTOMER"
NMS INFRASTRUCTURE LIMITED,00314167,00232944,00232944,"DL LOAN (ENHANCED)
BUYER CREDIT GUARANTEE","EXPORTER/OII INVESTOR
EXPORTER/OII INVESTOR"
ONUR TAAHHUT TASIMACILIK INSAAT TICARET VE SANAYI ANONIM SIRKETI,00325757,00294015,00294015,BUYER CREDIT GUARANTEE,EXPORTER/OII INVESTOR
OPP FILM EL SALVADOR S.A DE C.V.,00314609,00265084,00265084,BUYER CREDIT GUARANTEE,FACILITY CUSTOMER
PERRY SLINGSBY SYSTEMS LIMITED,00301888,00004534,00004534,"BUYER CREDIT GUARANTEE
EXPORT INSURANCE (EXIP)
BOND INSURANCE POLICY
EXPORT INSURANCE (EXIP)","EXPORTER/OII INVESTOR
EXPORTER/OII INVESTOR
EXPORTER/OII INVESTOR
UNINSURED AMOUNT"
PORTIGON AG,00302044,00000601,00000601,"ASSET BASED GUARANTEE
BUYER CREDIT GUARANTEE
BUYER CREDIT GUARANTEE
PROJECT FINANCING GUARANTEE
BUYER CREDIT GUARANTEE","SYNDICATE LENDER
SOLE LENDER
LEAD/AGENT BANK
SYNDICATE LENDER
SYNDICATE LENDER"
PRIMETALS TECHNOLOGIES LIMITED,00305529,00256727,00256727,"BUYER CREDIT GUARANTEE
DL LOAN (ENHANCED)","EXPORTER/OII INVESTOR
EXPORTER/OII INVESTOR"
PT SERBA DINAMIK INDONESIA,00316024,00280132,00280132,BUYER CREDIT GUARANTEE,FACILITY CUSTOMER
PWT PROJECTS LTD,00300372,00004296,00004296,"BUYER CREDIT GUARANTEE
PARIS CLUB CI TRANCHE
PARIS CLUB FD TRANCHE
PARIS CLUB OD TRANCHE","EXPORTER/OII INVESTOR
PARIS CLUB PAYEE
PARIS CLUB PAYEE
PARIS CLUB PAYEE"
"QATAR, MINISTRY OF FINANCE",00320960,00265938,00265938,"DL LOAN (ENHANCED)
BUYER CREDIT GUARANTEE","Ultimate Obligor
Ultimate Obligor"
QUALTER HALL & COMPANY LIMITED,00301463,00004080,00004080,BUYER CREDIT GUARANTEE,EXPORTER/OII INVESTOR
QUEENS AND LORDS TREASURERS REMEMBRANCER,NULL,00002758,00002758,"PARIS CLUB CI TRANCHE
BUYER CREDIT GUARANTEE
PARIS CLUB FD TRANCHE
PARIS CLUB OD TRANCHE","PARIS CLUB PAYEE
PARIS CLUB PAYEE
PARIS CLUB PAYEE
PARIS CLUB PAYEE"
RAIFFEISEN BANK INTERNATIONAL AG,00309410,00274994,00274994,"SUPPLIER CREDIT FINANCE GUARANTEE
BUYER CREDIT GUARANTEE","LEAD/AGENT BANK
LEAD/AGENT BANK"
RBS NV,00307604,00003642,00003642,"ASSET BASED GUARANTEE
OVERSEAS INVESTMENT INSURANCE
SUPPLIER CREDIT FINANCE GUARANTEE
ASSET BASED GUARANTEE
BUYER CREDIT GUARANTEE
OVERSEAS INVESTMENT INSURANCE
PROJECT FINANCING GUARANTEE
ASSET BASED GUARANTEE
PROJECT FINANCING GUARANTEE
OVERSEAS INVESTMENT INSURANCE
SUPPLIER CREDIT FINANCE GUARANTEE
BUYER CREDIT GUARANTEE","SOLE LENDER
EXPORTER/OII INVESTOR
LEAD/AGENT BANK
LEAD/AGENT BANK
SYNDICATE LENDER
LEAD/AGENT BANK
LEAD/AGENT BANK
SYNDICATE LENDER
SYNDICATE LENDER
UNINSURED AMOUNT
SYNDICATE LENDER
LEAD/AGENT BANK"
REASSURE LTD,00321242,00288829,00288829,BUYER CREDIT GUARANTEE,SYNDICATE LENDER
REPUBLIC OF TURKEY,NULL,00001767,00001767,"SUPPLIER CREDIT FINANCE GUARANTEE
LINE OF CREDIT GUARANTEE
BUYER CREDIT GUARANTEE","Ultimate Obligor
Ultimate Obligor
Ultimate Obligor"
SACE,00315271,00001493,00001493,"BUYER CREDIT GUARANTEE
ASSET BASED GUARANTEE
SUPPLIER CREDIT FINANCE GUARANTEE
BOND INSURANCE POLICY
EXPORT INSURANCE (EXIP)","RE-INSURER ECA
RE-INSURER ECA
RE-INSURER ECA
RE-INSURER ECA
RE-INSURER ECA"
SADARA CHEMICAL COMPANY,00311867,00231946,00231946,"BUYER CREDIT GUARANTEE
BUYER CREDIT GUARANTEE","Ultimate Obligor
FACILITY CUSTOMER"
SEAJACKS UK LIMITED,00304709,00279836,00279836,BUYER CREDIT GUARANTEE,EXPORTER/OII INVESTOR
SELEIT FOOD PRODUCTION LIMITED,NULL,00002912,00002912,"BUYER CREDIT GUARANTEE
BUYER CREDIT GUARANTEE","Ultimate Obligor
FACILITY CUSTOMER"
SERBA DINAMIK INTERNATIONAL LIMITED,00316023,00280155,00280155,BUYER CREDIT GUARANTEE,EXPORTER/OII INVESTOR
SIEMENS INDUSTRIAL TURBOMACHINERY LIMITED,00313164,00004539,00004539,"BOND INSURANCE POLICY
EXPORT INSURANCE (EXIP)
BUYER CREDIT GUARANTEE
SUPPLIER CREDIT FINANCE GUARANTEE
EXPORT INSURANCE (EXIP)","EXPORTER/OII INVESTOR
EXPORTER/OII INVESTOR
EXPORTER/OII INVESTOR
EXPORTER/OII INVESTOR
UNINSURED AMOUNT"
SIEMENS SHELFCO (1) LTD,00302163,00003936,00003936,"BUYER CREDIT GUARANTEE
PARIS CLUB CI TRANCHE
PARIS CLUB OD TRANCHE","EXPORTER/OII INVESTOR
PARIS CLUB PAYEE
PARIS CLUB PAYEE"
SIEMENS VAI METALS TECHNOLOGIES LIMITED,00310957,00004306,00004306,"BUYER CREDIT GUARANTEE
EXPORT INSURANCE (EXIP)
EXPORT INSURANCE (EXIP)
SUPPLIER CREDIT FINANCE GUARANTEE","EXPORTER/OII INVESTOR
EXPORTER/OII INVESTOR
UNINSURED AMOUNT
EXPORTER/OII INVESTOR"
SINGLE BUOY MOORINGS INC,00310864,00241327,00241327,BUYER CREDIT GUARANTEE,EXPORTER/OII INVESTOR
SKANSKA CONSTRUCTION UK LIMITED,00303303,00004591,00004591,BUYER CREDIT GUARANTEE,EXPORTER/OII INVESTOR
SOCIETE GENERALE,00307620,00000354,00000354,"OVERSEAS INVESTMENT INSURANCE
ASSET BASED GUARANTEE
ASSET BASED GUARANTEE
BUYER CREDIT GUARANTEE
ASSET BASED GUARANTEE
BUYER CREDIT GUARANTEE
LINE OF CREDIT GUARANTEE
BUYER CREDIT GUARANTEE
PROJECT FINANCING GUARANTEE
SUPPLIER CREDIT FINANCE GUARANTEE
PROJECT FINANCING GUARANTEE
SUPPLIER CREDIT FINANCE GUARANTEE","EXPORTER/OII INVESTOR
SOLE LENDER
LEAD/AGENT BANK
LEAD/AGENT BANK
SYNDICATE LENDER
SYNDICATE LENDER
SYNDICATE LENDER
SOLE LENDER
LEAD/AGENT BANK
LEAD/AGENT BANK
SYNDICATE LENDER
SOLE LENDER"
SOCIETE GENERALE,00308536,00001736,00001736,"ASSET BASED GUARANTEE
BUYER CREDIT GUARANTEE
ASSET BASED GUARANTEE
SUPPLIER CREDIT FINANCE GUARANTEE","LEAD/AGENT BANK
SYNDICATE LENDER
SYNDICATE LENDER
SYNDICATE LENDER"
SOLIOS THERMAL LIMITED,00302402,00003968,00003968,"PARIS CLUB CI TRANCHE
BUYER CREDIT GUARANTEE
PARIS CLUB FD TRANCHE
PARIS CLUB OD TRANCHE","PARIS CLUB PAYEE
EXPORTER/OII INVESTOR
PARIS CLUB PAYEE
PARIS CLUB PAYEE"
"SRI LANKA, MINISTRY OF FINANCE, ECONOMIC STABILIZATION & NATIONAL POLICIES",00319703,00003671,00003671,"BOND INSURANCE POLICY
ASSET BASED GUARANTEE
DL LOAN (ENHANCED)
BUYER CREDIT GUARANTEE
DL LOAN (ENHANCED)
BOND INSURANCE POLICY
BUYER CREDIT GUARANTEE","Ultimate Obligor
FACILITY CUSTOMER
Ultimate Obligor
FACILITY CUSTOMER
FACILITY CUSTOMER
FACILITY CUSTOMER
Ultimate Obligor"
STANDARD CHARTERED BANK,00301413,00277613,00277613,"SUPPLIER CREDIT FINANCE GUARANTEE
DL LOAN (ENHANCED)
SUPPLIER CREDIT FINANCE GUARANTEE
BUYER CREDIT GUARANTEE
BUYER CREDIT GUARANTEE","LEAD/AGENT BANK
DL PANEL AGENT BANK
SYNDICATE LENDER
LEAD/AGENT BANK
SYNDICATE LENDER"
STANDARD CHARTERED BANK SINGAPORE,00312134,00220696,00220696,"BUYER CREDIT GUARANTEE
ASSET BASED GUARANTEE","LEAD/AGENT BANK
SYNDICATE LENDER"
SVENSK EXPORTKREDIT AB,00309975,00000693,00000693,"ASSET BASED GUARANTEE
ASSET BASED GUARANTEE
BUYER CREDIT GUARANTEE","SYNDICATE LENDER
SOLE LENDER
SYNDICATE LENDER"
ACC UK GROUP LIMITED,00320109,00289556,00289556,"DL LOAN (ENHANCED)
BUYER CREDIT GUARANTEE","EXPORTER/OII INVESTOR
EXPORTER/OII INVESTOR"
ALEXANDER DENNIS LIMITED,00313560,00209837,00209837,"BOND SUPPORT
BOND SUPPORT
BUYER CREDIT GUARANTEE
SUPPLIER CREDIT FINANCE GUARANTEE","Ultimate Obligor
FACILITY CUSTOMER
EXPORTER/OII INVESTOR
EXPORTER/OII INVESTOR"
ALLIANZ GLOBAL CORPORATE & SPECIAL TY SE,00309463,00270872,00270872,BUYER CREDIT GUARANTEE,RE-INSURER ECA
ALSTOM POWER LIMITED,00302089,00004232,00004232,"BOND INSURANCE POLICY
EXPORT INSURANCE (EXIP)
EXPORT INSURANCE (EXIP)
BUYER CREDIT GUARANTEE","EXPORTER/OII INVESTOR
EXPORTER/OII INVESTOR
UNINSURED AMOUNT
EXPORTER/OII INVESTOR"
ALSTOM TRACTION LTD,00301811,00004531,00004531,BUYER CREDIT GUARANTEE,EXPORTER/OII INVESTOR
ANZEF LIMITED,00300363,00000412,00000412,"OVERSEAS INVESTMENT INSURANCE
BUYER CREDIT GUARANTEE
PARIS CLUB CI TRANCHE
OVERSEAS INVESTMENT INSURANCE
PARIS CLUB FD TRANCHE
BUYER CREDIT GUARANTEE
PARIS CLUB OD TRANCHE
OVERSEAS INVESTMENT INSURANCE","EXPORTER/OII INVESTOR
LEAD/AGENT BANK
PARIS CLUB PAYEE
LEAD/AGENT BANK
PARIS CLUB PAYEE
SYNDICATE LENDER
PARIS CLUB PAYEE
UNINSURED AMOUNT"
APV SYSTEMS LIMITED,00302228,00004422,00004422,BUYER CREDIT GUARANTEE,EXPORTER/OII INVESTOR
ARAB BANKING CORPORATION (BSC),00306627,00000520,00000520,"BUYER CREDIT GUARANTEE
SUPPLIER CREDIT FINANCE GUARANTEE
LINE OF CREDIT GUARANTEE","SYNDICATE LENDER
LEAD/AGENT BANK
SYNDICATE LENDER"
AUSTRALIA & NEW ZEALAND BANKING GROUP LTD,00300748,00003693,00003693,"LINE OF CREDIT GUARANTEE
ASSET BASED GUARANTEE
ASSET BASED GUARANTEE
BUYER CREDIT GUARANTEE
BUYER CREDIT GUARANTEE
BUYER CREDIT GUARANTEE","SYNDICATE LENDER
SOLE LENDER
SYNDICATE LENDER
LEAD/AGENT BANK
SOLE LENDER
SYNDICATE LENDER"
BAE SYSTEMS (DEFENCE SYSTEMS) LTD,00308951,00004344,00004344,"EXPORT INSURANCE (EXIP)
BUYER CREDIT GUARANTEE","EXPORTER/OII INVESTOR
EXPORTER/OII INVESTOR"
BANCO DO BRASIL SA,00312687,00003587,00003587,"BUYER CREDIT GUARANTEE
BUYER CREDIT GUARANTEE","Ultimate Obligor
FACILITY CUSTOMER"
BANCO NACIONAL DE CUBA,NULL,00000557,00000557,"BUYER CREDIT GUARANTEE
BUYER CREDIT GUARANTEE
EXPORT INSURANCE (EXIP)
EXPORT INSURANCE (EXIP)
LINE OF CREDIT GUARANTEE
LINE OF CREDIT GUARANTEE","FACILITY CUSTOMER
Ultimate Obligor
Ultimate Obligor
FACILITY CUSTOMER
FACILITY CUSTOMER
Ultimate Obligor"
BANCO SANTANDER S.A.,00310854,00216497,00216497,"BUYER CREDIT GUARANTEE
ASSET BASED GUARANTEE
BUYER CREDIT GUARANTEE
ASSET BASED GUARANTEE
DL LOAN (ENHANCED)","LEAD/AGENT BANK
LEAD/AGENT BANK
SYNDICATE LENDER
SYNDICATE LENDER
DL PANEL AGENT BANK"
BANK OF COMMUNICATIONS,00311623,00000550,00000550,"BUYER CREDIT GUARANTEE
BUYER CREDIT GUARANTEE","FACILITY CUSTOMER
Ultimate Obligor"
BANKGESELLSCHAFT BERLIN AG,00301217,00003763,00003763,"BUYER CREDIT GUARANTEE
ASSET BASED GUARANTEE","SOLE LENDER
SYNDICATE LENDER"
BARCLAYS BANK PLC,00300130,00003681,00003681,"BUYER CREDIT GUARANTEE
EXPORT INSURANCE (EXIP)
BUYER CREDIT GUARANTEE
ASSET BASED GUARANTEE
LINE OF CREDIT GUARANTEE
EXPORT INSURANCE (EXIP)
BUYER CREDIT GUARANTEE
ASSET BASED GUARANTEE
LINE OF CREDIT GUARANTEE
ASSET BASED GUARANTEE
SUPPLIER CREDIT FINANCE GUARANTEE
PARIS CLUB CI TRANCHE
PARIS CLUB FD TRANCHE
PARIS CLUB OD TRANCHE","LEAD/AGENT BANK
LEAD/AGENT BANK
SOLE LENDER
LEAD/AGENT BANK
SOLE LENDER
SYNDICATE LENDER
SYNDICATE LENDER
SOLE LENDER
EXPORTER/OII INVESTOR
SYNDICATE LENDER
SOLE LENDER
PARIS CLUB PAYEE
PARIS CLUB PAYEE
PARIS CLUB PAYEE"
BESTOBELL ENGINEERING PRODUCTS LIMITED,00302439,00004136,00004136,"BUYER CREDIT GUARANTEE
PARIS CLUB CI TRANCHE
PARIS CLUB OD TRANCHE","EXPORTER/OII INVESTOR
PARIS CLUB PAYEE
PARIS CLUB PAYEE"
BETAFENCE LIMITED,00301671,00001924,00001924,"BUYER CREDIT GUARANTEE
PARIS CLUB CI TRANCHE
PARIS CLUB OD TRANCHE","PARIS CLUB PAYEE
PARIS CLUB PAYEE
PARIS CLUB PAYEE"
BHM CONSTRUCTION INTERNATIONAL (UK) LTD,00306297,00282804,00282804,"GENERAL EXPORT FACILITY
DL LOAN (ENHANCED)
BUYER CREDIT GUARANTEE
GENERAL EXPORT FACILITY","FACILITY CUSTOMER
EXPORTER/OII INVESTOR
EXPORTER/OII INVESTOR
Ultimate Obligor"
BNP PARIBAS,00307799,00003813,00003813,"BUYER CREDIT GUARANTEE
ASSET BASED GUARANTEE
ASSET BASED GUARANTEE
OVERSEAS INVESTMENT INSURANCE
BUYER CREDIT GUARANTEE
OVERSEAS INVESTMENT INSURANCE
ASSET BASED GUARANTEE
OVERSEAS INVESTMENT INSURANCE
BUYER CREDIT GUARANTEE
LINE OF CREDIT GUARANTEE
SUPPLIER CREDIT FINANCE GUARANTEE
PARIS CLUB CI TRANCHE
SUPPLIER CREDIT FINANCE GUARANTEE
PARIS CLUB OD TRANCHE
PROJECT FINANCING GUARANTEE
PROJECT FINANCING GUARANTEE
SUPPLIER CREDIT FINANCE GUARANTEE","LEAD/AGENT BANK
SOLE LENDER
LEAD/AGENT BANK
EXPORTER/OII INVESTOR
SOLE LENDER
LEAD/AGENT BANK
SYNDICATE LENDER
UNINSURED AMOUNT
SYNDICATE LENDER
SYNDICATE LENDER
LEAD/AGENT BANK
PARIS CLUB PAYEE
SYNDICATE LENDER
PARIS CLUB PAYEE
LEAD/AGENT BANK
SYNDICATE LENDER
SOLE LENDER"
BOUYGUES BATIMENT INTERNATIONAL,00320096,00294623,00294623,BUYER CREDIT GUARANTEE,EXPORTER/OII INVESTOR
BPI FRANCE,00310210,00000672,00000672,"ASSET BASED GUARANTEE
BUYER CREDIT GUARANTEE
SUPPLIER CREDIT FINANCE GUARANTEE","RE-INSURER ECA
RE-INSURER ECA
RE-INSURER ECA"
BRITISH AIRCRAFT CORPORATION LIMITED,00308971,00004321,00004321,BUYER CREDIT GUARANTEE,EXPORTER/OII INVESTOR
BRITISH ARAB COMMERCIAL BANK LTD,00300814,00000598,00000598,"LINE OF CREDIT GUARANTEE
BUYER CREDIT GUARANTEE","SYNDICATE LENDER
SYNDICATE LENDER"
CENTRAL BANK OF IRAQ,00312375,00000641,00000641,"BUYER CREDIT GUARANTEE
LINE OF CREDIT GUARANTEE","Ultimate Obligor
Ultimate Obligor"
CESCE,00310855,00001539,00001539,BUYER CREDIT GUARANTEE,RE-INSURER ECA
CHUBB EUROPEAN GROUP SE,00322968,00270857,00270857,"LINE OF CREDIT GUARANTEE
LINE OF CREDIT GUARANTEE
BUYER CREDIT GUARANTEE","RE-INSURER ECA
PARIS CLUB PAYEE
RE-INSURER ECA"
CITIBANK N.A.,00300827,00001454,00001454,"ASSET BASED GUARANTEE
ASSET BASED GUARANTEE
BUYER CREDIT GUARANTEE
BUYER CREDIT GUARANTEE
ASSET BASED GUARANTEE
LINE OF CREDIT GUARANTEE
BUYER CREDIT GUARANTEE
LINE OF CREDIT GUARANTEE
LINE OF CREDIT GUARANTEE
PROJECT FINANCING GUARANTEE
SUPPLIER CREDIT FINANCE GUARANTEE","SOLE LENDER
LEAD/AGENT BANK
SOLE LENDER
LEAD/AGENT BANK
SYNDICATE LENDER
LEAD/AGENT BANK
SYNDICATE LENDER
SYNDICATE LENDER
EXPORTER/OII INVESTOR
SYNDICATE LENDER
SOLE LENDER"
CLASSIC FASHION APPAREL INDUSTRY LLC,00320181,00289037,00289037,"BUYER CREDIT GUARANTEE
DL LOAN (ENHANCED)","FACILITY CUSTOMER
FACILITY CUSTOMER"
CLASSIC FASHION HOLDING LTD,00320858,00289608,00289608,"DL LOAN (ENHANCED)
BUYER CREDIT GUARANTEE","Ultimate Obligor
Ultimate Obligor"
CLYDESDALE BANK PLC,00301977,00001018,00001018,"BUYER CREDIT GUARANTEE
PARIS CLUB CI TRANCHE
PARIS CLUB OD TRANCHE","SYNDICATE LENDER
PARIS CLUB PAYEE
PARIS CLUB PAYEE"
COMMERZBANK AG,00307017,00000539,00000539,"ASSET BASED GUARANTEE
BUYER CREDIT GUARANTEE
ASSET BASED GUARANTEE
SUPPLIER CREDIT FINANCE GUARANTEE
SUPPLIER CREDIT FINANCE GUARANTEE","LEAD/AGENT BANK
SYNDICATE LENDER
SYNDICATE LENDER
LEAD/AGENT BANK
SYNDICATE LENDER"
CONTRACTA CONSTRUCTION UK LIMITED,00306280,00274714,00274714,"BUYER CREDIT GUARANTEE
DL LOAN (ENHANCED)","EXPORTER/OII INVESTOR
EXPORTER/OII INVESTOR"
CREDIT AGRICOLE CIB HONG KONG,00327414,00294144,00294144,"BUYER CREDIT GUARANTEE
BUYER CREDIT GUARANTEE","LEAD/AGENT BANK
SYNDICATE LENDER"
CREDIT INDUSTRIEL ET COMMERCIAL,00307027,00004202,00004202,BUYER CREDIT GUARANTEE,SYNDICATE LENDER
CREDIT SUISSE,00310861,00214774,00214774,"ASSET BASED GUARANTEE
ASSET BASED GUARANTEE
BUYER CREDIT GUARANTEE","LEAD/AGENT BANK
SYNDICATE LENDER
SYNDICATE LENDER"
CRI CATALYST COMPANY UK LTD,00314063,00001704,00001704,"BUYER CREDIT GUARANTEE
SUPPLIER CREDIT FINANCE GUARANTEE","EXPORTER/OII INVESTOR
EXPORTER/OII INVESTOR"
DB UK BANK LIMITED,00300578,00003702,00003702,"LINE OF CREDIT GUARANTEE
BUYER CREDIT GUARANTEE
PARIS CLUB CI TRANCHE
PARIS CLUB FD TRANCHE
PARIS CLUB OD TRANCHE","EXPORTER/OII INVESTOR
EXPORTER/OII INVESTOR
PARIS CLUB PAYEE
PARIS CLUB PAYEE
PARIS CLUB PAYEE"
DEFENCE EQUIPMENT SALES AUTHORITY,00326361,00295098,00295098,BUYER CREDIT GUARANTEE,EXPORTER/OII INVESTOR
DEPT FOR INTERNATIONAL DEVELOPMENT,NULL,00002135,00002135,"BUYER CREDIT GUARANTEE
PARIS CLUB CI TRANCHE
PARIS CLUB FD TRANCHE
PARIS CLUB OD TRANCHE","DEPARTMENT FOR INTERNATIONAL DEVELOPMENT
PARIS CLUB PAYEE
PARIS CLUB PAYEE
PARIS CLUB PAYEE"
DEUTSCHE BANK AG,00307549,00000464,00000464,"DL LOAN (ENHANCED)
OVERSEAS INVESTMENT INSURANCE
OVERSEAS INVESTMENT INSURANCE
ASSET BASED GUARANTEE
LINE OF CREDIT GUARANTEE
OVERSEAS INVESTMENT INSURANCE
SUPPLIER CREDIT FINANCE GUARANTEE
ASSET BASED GUARANTEE
PARIS CLUB CI TRANCHE
SUPPLIER CREDIT FINANCE GUARANTEE
PARIS CLUB FD TRANCHE
ASSET BASED GUARANTEE
PARIS CLUB OD TRANCHE
BUYER CREDIT GUARANTEE
BUYER CREDIT GUARANTEE
BUYER CREDIT GUARANTEE
LINE OF CREDIT GUARANTEE
LINE OF CREDIT GUARANTEE
SUPPLIER CREDIT FINANCE GUARANTEE","DL PANEL AGENT BANK
EXPORTER/OII INVESTOR
UNINSURED AMOUNT
LEAD/AGENT BANK
SOLE LENDER
LEAD/AGENT BANK
SOLE LENDER
SOLE LENDER
PARIS CLUB PAYEE
LEAD/AGENT BANK
PARIS CLUB PAYEE
SYNDICATE LENDER
PARIS CLUB PAYEE
LEAD/AGENT BANK
SOLE LENDER
SYNDICATE LENDER
LEAD/AGENT BANK
SYNDICATE LENDER
SYNDICATE LENDER"
TAYLOR WOODROW CONSTRUCTION LIMITED,00310831,00004270,00004270,BUYER CREDIT GUARANTEE,EXPORTER/OII INVESTOR
THALES ATM LTD,00310847,00004575,00004575,"EXPORT INSURANCE (EXIP)
EXPORT INSURANCE (EXIP)
BUYER CREDIT GUARANTEE
SUPPLIER CREDIT FINANCE GUARANTEE","EXPORTER/OII INVESTOR
UNINSURED AMOUNT
EXPORTER/OII INVESTOR
EXPORTER/OII INVESTOR"
THALES DEFENCE LIMITED,00308608,00004470,00004470,"BUYER CREDIT GUARANTEE
PARIS CLUB CI TRANCHE
PARIS CLUB OD TRANCHE","EXPORTER/OII INVESTOR
PARIS CLUB PAYEE
PARIS CLUB PAYEE"
TITANIUM INTERNATIONAL LIMITED,00304587,00003246,00003246,BUYER CREDIT GUARANTEE,PARIS CLUB PAYEE
TRANSPORTES AEREOS PORTUGUESES S.A.,00310762,00003648,00003648,"ASSET BASED GUARANTEE
ASSET BASED GUARANTEE
BUYER CREDIT GUARANTEE
BUYER CREDIT GUARANTEE","FACILITY CUSTOMER
Ultimate Obligor
FACILITY CUSTOMER
Ultimate Obligor"
TURKISH ELECTRICITY GENERATION AND TRANSMISSION CORPORATION (TEAS),NULL,00003790,00003790,"BUYER CREDIT GUARANTEE
SUPPLIER CREDIT FINANCE GUARANTEE","FACILITY CUSTOMER
FACILITY CUSTOMER"
TURKIYE IHRACAT KREDI BANKASI AS TURK EXIMBANK,NULL,00285353,00285353,BUYER CREDIT GUARANTEE,RE-INSURER ECA
TURKSAT UYDU HABERSELESME KABLO TV ISLETME A.S,00405747,00278057,00278057,BUYER CREDIT GUARANTEE,FACILITY CUSTOMER
US EXIM BANK,NULL,00001747,00001747,BUYER CREDIT GUARANTEE,RE-INSURER ECA
VA TECH TRANSMISSION AND DISTRIBUTION LIMITED,00307722,00004475,00004475,"EXPORT INSURANCE (EXIP)
BUYER CREDIT GUARANTEE
EXPORT INSURANCE (EXIP)","EXPORTER/OII INVESTOR
EXPORTER/OII INVESTOR
UNINSURED AMOUNT"
VA TECH WABAG UK LIMITED,00300081,00004124,00004124,BUYER CREDIT GUARANTEE,EXPORTER/OII INVESTOR
EVRAZ  INC NA CANADA,00300074,00249198,00249198,"DL LOAN (ENHANCED)
BUYER CREDIT GUARANTEE","FACILITY CUSTOMER
FACILITY CUSTOMER"
EXPORTKREDITNAMNDEN,00309965,00001370,00001370,BUYER CREDIT GUARANTEE,RE-INSURER ECA
FIDELIS UNDERWRITING LIMITED,00315078,00276008,00276008,"SUPPLIER CREDIT FINANCE GUARANTEE
BUYER CREDIT GUARANTEE
BUYER CREDIT GUARANTEE","RE-INSURER ECA
PARIS CLUB PAYEE
RE-INSURER ECA"
FLUOR LIMITED,00301447,00206528,00206528,"PROJECT FINANCING GUARANTEE
BUYER CREDIT GUARANTEE","EXPORTER/OII INVESTOR
EXPORTER/OII INVESTOR"
GCITJ BABEL LIMITED,00321854,00293935,00293935,"DL LOAN (ENHANCED)
BUYER CREDIT GUARANTEE","EXPORTER/OII INVESTOR
EXPORTER/OII INVESTOR"
GE CALEDONIAN LIMITED,00302136,00269905,00269905,BUYER CREDIT GUARANTEE,EXPORTER/OII INVESTOR
GENERAL ELECTRIC GLOBAL SERVICES,00306088,00274398,00274398,"BUYER CREDIT GUARANTEE
DL LOAN (ENHANCED)","EXPORTER/OII INVESTOR
EXPORTER/OII INVESTOR"
GOVCO LLC,00314227,00216518,00216518,"ASSET BASED GUARANTEE
ASSET BASED GUARANTEE
BUYER CREDIT GUARANTEE","LEAD/AGENT BANK
SYNDICATE LENDER
SYNDICATE LENDER"
GOVT OF NIGER STATE,NULL,00000666,00000666,BUYER CREDIT GUARANTEE,FACILITY CUSTOMER
GOVT OF ZIMBABWE,NULL,00000628,00000628,"BUYER CREDIT GUARANTEE
BUYER CREDIT GUARANTEE","Ultimate Obligor
FACILITY CUSTOMER"
GULF INTERNATIONAL BANK BSC,00308821,00000345,00000345,"ASSET BASED GUARANTEE
BUYER CREDIT GUARANTEE
LINE OF CREDIT GUARANTEE
PARIS CLUB FD TRANCHE","SYNDICATE LENDER
SYNDICATE LENDER
SYNDICATE LENDER
PARIS CLUB PAYEE"
HARBOR MALL COMPANY LTD,00319446,00284344,00284344,"BUYER CREDIT GUARANTEE
BUYER CREDIT GUARANTEE
SUPPLIER CREDIT FINANCE GUARANTEE
SUPPLIER CREDIT FINANCE GUARANTEE","FACILITY CUSTOMER
Ultimate Obligor
FACILITY CUSTOMER
Ultimate Obligor"
HAWKER SIDDELEY POWER ENGINEERING LIMITED,00300690,00004419,00004419,"PARIS CLUB FD TRANCHE
BUYER CREDIT GUARANTEE
PARIS CLUB OD TRANCHE
PARIS CLUB CI TRANCHE","PARIS CLUB PAYEE
EXPORTER/OII INVESTOR
PARIS CLUB PAYEE
PARIS CLUB PAYEE"
HIANG SENG FIBRE CONTAINER CO LTD,00312572,00003757,00003757,BUYER CREDIT GUARANTEE,FACILITY CUSTOMER
HSBC BANK MIDDLE EAST LIMITED,00317705,00288854,00288854,"ASSET BASED GUARANTEE
BUYER CREDIT GUARANTEE
ASSET BASED GUARANTEE","LEAD/AGENT BANK
SYNDICATE LENDER
SYNDICATE LENDER"
HSBC BANK PLC,00300365,00005733,00005733,"BUYER CREDIT GUARANTEE
BUYER CREDIT GUARANTEE
SUPPLIER CREDIT FINANCE GUARANTEE
ASSET BASED GUARANTEE
SUPPLIER CREDIT FINANCE GUARANTEE
BUYER CREDIT GUARANTEE
ASSET BASED GUARANTEE
PARIS CLUB CI TRANCHE
PARIS CLUB OD TRANCHE","SOLE LENDER
LEAD/AGENT BANK
LEAD/AGENT BANK
LEAD/AGENT BANK
SYNDICATE LENDER
SYNDICATE LENDER
SYNDICATE LENDER
PARIS CLUB PAYEE
PARIS CLUB PAYEE"
HSBC BANK PLC,00300366,00005735,00005735,"PARIS CLUB OD TRANCHE
BUYER CREDIT GUARANTEE
ASSET BASED GUARANTEE
PROJECT FINANCING GUARANTEE
ASSET BASED GUARANTEE
BUYER CREDIT GUARANTEE
PARIS CLUB CI TRANCHE","PARIS CLUB PAYEE
SYNDICATE LENDER
LEAD/AGENT BANK
SYNDICATE LENDER
SYNDICATE LENDER
LEAD/AGENT BANK
PARIS CLUB PAYEE"
HSBC BANK USA N.A,00314637,00232764,00232764,"ASSET BASED GUARANTEE
ASSET BASED GUARANTEE
BUYER CREDIT GUARANTEE","SYNDICATE LENDER
LEAD/AGENT BANK
SYNDICATE LENDER"
IHC ENGINEERING BUSINESS LIMITED,00314551,00214551,00214551,"BOND INSURANCE POLICY
BUYER CREDIT GUARANTEE","EXPORTER/OII INVESTOR
EXPORTER/OII INVESTOR"
"INDONESIA, MINISTRY OF FINANCE",00315287,00003620,00003620,"BUYER CREDIT GUARANTEE
BOND INSURANCE POLICY
EXPORT INSURANCE (EXIP)
BOND INSURANCE POLICY
SUPPLIER CREDIT FINANCE GUARANTEE
BUYER CREDIT GUARANTEE
EXPORT INSURANCE (EXIP)
SUPPLIER CREDIT FINANCE GUARANTEE","Ultimate Obligor
FACILITY CUSTOMER
Ultimate Obligor
Ultimate Obligor
FACILITY CUSTOMER
FACILITY CUSTOMER
FACILITY CUSTOMER
Ultimate Obligor"
INDUSTRIAL FINANCE CORPORATION OF INDIA (IFCI),NULL,00003617,00003617,"BUYER CREDIT GUARANTEE
SUPPLIER CREDIT FINANCE GUARANTEE
EXPORT INSURANCE (EXIP)
BOND INSURANCE POLICY","Ultimate Obligor
Ultimate Obligor
Ultimate Obligor
Ultimate Obligor"
INVENSYS PLC,00302220,00004060,00004060,BUYER CREDIT GUARANTEE,PARIS CLUB PAYEE
"IRAQ, MINISTRY OF FINANCE",00324937,00224271,00224271,"BUYER CREDIT GUARANTEE
BUYER CREDIT GUARANTEE
DL LOAN (ENHANCED)
DL LOAN (ENHANCED)
SUPPLIER CREDIT FINANCE GUARANTEE
SUPPLIER CREDIT FINANCE GUARANTEE","FACILITY CUSTOMER
Ultimate Obligor
Ultimate Obligor
FACILITY CUSTOMER
FACILITY CUSTOMER
Ultimate Obligor"
ISRAEL ELECTRIC CORPORATION LTD,00312143,00003621,00003621,"BUYER CREDIT GUARANTEE
BOND INSURANCE POLICY
BOND INSURANCE POLICY
BUYER CREDIT GUARANTEE
EXPORT INSURANCE (EXIP)
EXPORT INSURANCE (EXIP)","FACILITY CUSTOMER
FACILITY CUSTOMER
Ultimate Obligor
Ultimate Obligor
Ultimate Obligor
FACILITY CUSTOMER"
JOY GLOBAL (UK) LTD,00313685,00004385,00004385,"SUPPLIER CREDIT FINANCE GUARANTEE
BUYER CREDIT GUARANTEE","EXPORTER/OII INVESTOR
EXPORTER/OII INVESTOR"
JUST RETIREMENT LIMITED,00320961,00288805,00288805,BUYER CREDIT GUARANTEE,SYNDICATE LENDER
KELLOGG BROWN & ROOT ENERGY SERVICES LIMITED,00310939,00004397,00004397,BUYER CREDIT GUARANTEE,EXPORTER/OII INVESTOR
KREDITANSTALT FUR WIEDERAUFBAU,NULL,00003570,00003570,"ASSET BASED GUARANTEE
BUYER CREDIT GUARANTEE
PROJECT FINANCING GUARANTEE
BUYER CREDIT GUARANTEE
ASSET BASED GUARANTEE
SUPPLIER CREDIT FINANCE GUARANTEE","LEAD/AGENT BANK
LEAD/AGENT BANK
SYNDICATE LENDER
SYNDICATE LENDER
SYNDICATE LENDER
SYNDICATE LENDER"
L3 COMMERCIAL TRAINING SOLUTIONS LIMITED,00314158,00282986,00282986,"BUYER CREDIT GUARANTEE
ASSET BASED GUARANTEE","EXPORTER/OII INVESTOR
EXPORTER/OII INVESTOR"
LIBERTY MUTUAL INSURANCE EUROPE SE,00315331,00277874,00277874,"BUYER CREDIT GUARANTEE
BUYER CREDIT GUARANTEE","RE-INSURER ECA
PARIS CLUB PAYEE"
LLOYD?S SYNDICATE 2001 MS AMLIN,00315334,00288323,00288323,BUYER CREDIT GUARANTEE,RE-INSURER ECA
LLOYDS BANK PLC,00300302,00004333,00004333,"ASSET BASED GUARANTEE
BUYER CREDIT GUARANTEE
ASSET BASED GUARANTEE
SUPPLIER CREDIT FINANCE GUARANTEE
PARIS CLUB CI TRANCHE
SUPPLIER CREDIT FINANCE GUARANTEE
ASSET BASED GUARANTEE
PARIS CLUB OD TRANCHE
BUYER CREDIT GUARANTEE
BUYER CREDIT GUARANTEE
PARIS CLUB FD TRANCHE
SUPPLIER CREDIT FINANCE GUARANTEE","LEAD/AGENT BANK
SOLE LENDER
SOLE LENDER
LEAD/AGENT BANK
PARIS CLUB PAYEE
SYNDICATE LENDER
SYNDICATE LENDER
PARIS CLUB PAYEE
LEAD/AGENT BANK
SYNDICATE LENDER
PARIS CLUB PAYEE
SOLE LENDER"
LLOYDS SYNDICATE 1183 TALBOT,00315337,00277849,00277849,"LINE OF CREDIT GUARANTEE
BUYER CREDIT GUARANTEE
LINE OF CREDIT GUARANTEE","PARIS CLUB PAYEE
RE-INSURER ECA
RE-INSURER ECA"
LLOYDS SYNDICATE 1225 AEGIS,00315339,00277802,00277802,BUYER CREDIT GUARANTEE,RE-INSURER ECA
LLOYDS SYNDICATE 1414 ASCOT,00405583,00275984,00275984,BUYER CREDIT GUARANTEE,RE-INSURER ECA
LLOYDS SYNDICATE 1886 QBE UNDERWRITING LTD,00325950,00294902,00294902,BUYER CREDIT GUARANTEE,RE-INSURER ECA
LLOYDS SYNDICATE 1919 STARR,00315341,00277797,00277797,"BUYER CREDIT GUARANTEE
LINE OF CREDIT GUARANTEE
BUYER CREDIT GUARANTEE
LINE OF CREDIT GUARANTEE","RE-INSURER ECA
PARIS CLUB PAYEE
PARIS CLUB PAYEE
RE-INSURER ECA"
LLOYDS SYNDICATE 1919 STARR,00405589,00275959,00275959,BUYER CREDIT GUARANTEE,RE-INSURER ECA
LLOYDS SYNDICATE 2001 MS AMLIN,00315334,00277864,00277864,"BUYER CREDIT GUARANTEE
LINE OF CREDIT GUARANTEE
LINE OF CREDIT GUARANTEE","RE-INSURER ECA
PARIS CLUB PAYEE
RE-INSURER ECA"
LLOYDS SYNDICATE 2001 MS AMLIN,00405582,00275928,00275928,"SUPPLIER CREDIT FINANCE GUARANTEE
BUYER CREDIT GUARANTEE
PROJECT FINANCING GUARANTEE","RE-INSURER ECA
RE-INSURER ECA
RE-INSURER ECA"
LLOYDS SYNDICATE 2015 CHANNEL,00405590,00275966,00275966,BUYER CREDIT GUARANTEE,RE-INSURER ECA
MABEY & JOHNSON LTD,00300316,00003856,00003856,"PARIS CLUB FD TRANCHE
SUPPLIER CREDIT FINANCE GUARANTEE
BUYER CREDIT GUARANTEE","PARIS CLUB PAYEE
EXPORTER/OII INVESTOR
EXPORTER/OII INVESTOR"
MAGIL CONSTRUCTION CORPORATION,00318957,00287635,00287635,"DL LOAN (ENHANCED)
BUYER CREDIT GUARANTEE","EXPORTER/OII INVESTOR
EXPORTER/OII INVESTOR"
MAN B & W DIESEL LIMITED,00300509,00004594,00004594,"SUPPLIER CREDIT FINANCE GUARANTEE
BUYER CREDIT GUARANTEE
PARIS CLUB CI TRANCHE
PARIS CLUB FD TRANCHE
PARIS CLUB OD TRANCHE","EXPORTER/OII INVESTOR
EXPORTER/OII INVESTOR
PARIS CLUB PAYEE
PARIS CLUB PAYEE
PARIS CLUB PAYEE"
MARCONI PLC,NULL,00005783,00005783,"PARIS CLUB CI TRANCHE
BUYER CREDIT GUARANTEE
PARIS CLUB OD TRANCHE","PARIS CLUB PAYEE
PARIS CLUB PAYEE
PARIS CLUB PAYEE"
MARSA AL ARAB LLC,00317223,00279528,00279528,BUYER CREDIT GUARANTEE,FACILITY CUSTOMER
MBDA UK LIMITED,00311021,00003972,00003972,"BOND INSURANCE POLICY
X DL LOAN (STANDARD) DONOTUSE
DL LOAN (ENHANCED)
BUYER CREDIT GUARANTEE
EXPORT INSURANCE (EXIP)
EXPORT INSURANCE (EXIP)","EXPORTER/OII INVESTOR
EXPORTER/OII INVESTOR
EXPORTER/OII INVESTOR
EXPORTER/OII INVESTOR
EXPORTER/OII INVESTOR
UNINSURED AMOUNT"
"MIN OF DEFENCE, QATAR",NULL,00241432,00241432,"DL LOAN (ENHANCED)
BUYER CREDIT GUARANTEE","FACILITY CUSTOMER
FACILITY CUSTOMER"
"MIN OF ECONOMY & FINANCE, BENIN",00319539,00289518,00289518,"DL LOAN (ENHANCED)
BUYER CREDIT GUARANTEE
BUYER CREDIT GUARANTEE
DL LOAN (ENHANCED)","Ultimate Obligor
Ultimate Obligor
FACILITY CUSTOMER
FACILITY CUSTOMER"
"MIN OF FINANCE, ST KITTS AND NEVIS",NULL,00003865,00003865,"BUYER CREDIT GUARANTEE
BUYER CREDIT GUARANTEE
EXPORT INSURANCE (EXIP)","FACILITY CUSTOMER
Ultimate Obligor
Ultimate Obligor"
MIN OF HEALTH,NULL,00000636,00000636,BUYER CREDIT GUARANTEE,FACILITY CUSTOMER
MIVAN-MASCON JOINT VENTURE,NULL,00003998,00003998,BUYER CREDIT GUARANTEE,EXPORTER/OII INVESTOR
MIZUHO CORPORATE BANK LIMITED,00301418,00000467,00000467,"OVERSEAS INVESTMENT INSURANCE
ASSET BASED GUARANTEE
BUYER CREDIT GUARANTEE
ASSET BASED GUARANTEE
BUYER CREDIT GUARANTEE
PROJECT FINANCING GUARANTEE
PROJECT FINANCING GUARANTEE","EXPORTER/OII INVESTOR
LEAD/AGENT BANK
LEAD/AGENT BANK
SYNDICATE LENDER
SYNDICATE LENDER
LEAD/AGENT BANK
SYNDICATE LENDER"
MOGUL TEKSTIL SAN. VE TIC LTD STI,NULL,00259073,00259073,"DL LOAN (ENHANCED)
BUYER CREDIT GUARANTEE","Ultimate Obligor
Ultimate Obligor"
MOLINS TOBACCO MACHINERY LIMITED,00308762,00004146,00004146,"BUYER CREDIT GUARANTEE
PARIS CLUB CI TRANCHE
PARIS CLUB FD TRANCHE
PARIS CLUB OD TRANCHE","PARIS CLUB PAYEE
PARIS CLUB PAYEE
PARIS CLUB PAYEE
PARIS CLUB PAYEE"
MUFG BANK LTD,00317631,00294046,00294046,"BUYER CREDIT GUARANTEE
BUYER CREDIT GUARANTEE","LEAD/AGENT BANK
SYNDICATE LENDER"
MYANMA TEXTILE INDUSTRIES.,NULL,00000618,00000618,"BUYER CREDIT GUARANTEE
BUYER CREDIT GUARANTEE","FACILITY CUSTOMER
Ultimate Obligor"
NATIONAL AUTHORITY FOR TUNNELS,00318621,00284665,00284665,BUYER CREDIT GUARANTEE,FACILITY CUSTOMER
NATIONAL IRANIAN STEEL CORPORATION (NISCO),NULL,00001825,00001825,BUYER CREDIT GUARANTEE,FACILITY CUSTOMER
NATIXIS,00307789,00000529,00000529,"ASSET BASED GUARANTEE
ASSET BASED GUARANTEE
BUYER CREDIT GUARANTEE
BUYER CREDIT GUARANTEE
DL LOAN (ENHANCED)
PROJECT FINANCING GUARANTEE
DL LOAN (ENHANCED)
PROJECT FINANCING GUARANTEE
DL LOAN (ENHANCED)","LEAD/AGENT BANK
SYNDICATE LENDER
LEAD/AGENT BANK
SYNDICATE LENDER
DL PANEL AGENT BANK
LEAD/AGENT BANK
LEAD/AGENT BANK
SYNDICATE LENDER
SYNDICATE LENDER"
PERKINS ENGINES COMPANY LIMITED,00309378,00004031,00004031,"PARIS CLUB CI TRANCHE
BUYER CREDIT GUARANTEE
PARIS CLUB OD TRANCHE","PARIS CLUB PAYEE
PARIS CLUB PAYEE
PARIS CLUB PAYEE"
PETROBRAS GLOBAL TRADING BV,00310894,00252403,00252403,"LINE OF CREDIT GUARANTEE
LINE OF CREDIT GUARANTEE
BUYER CREDIT GUARANTEE","FACILITY CUSTOMER
Ultimate Obligor
FACILITY CUSTOMER"
PETROLEO BRASILEIRO SA (PETROBRAS),00301311,00003585,00003585,"SUPPLIER CREDIT FINANCE GUARANTEE
SUPPLIER CREDIT FINANCE GUARANTEE
BUYER CREDIT GUARANTEE
LINE OF CREDIT GUARANTEE","FACILITY CUSTOMER
Ultimate Obligor
Ultimate Obligor
Ultimate Obligor"
PETROZIM LINE (PVT) LTD,00311966,00003650,00003650,BUYER CREDIT GUARANTEE,FACILITY CUSTOMER
"POLAND, MINISTRY OF FINANCE",00319752,00003684,00003684,"DL LOAN (ENHANCED)
BUYER CREDIT GUARANTEE
X DL LOAN (STANDARD) DONOTUSE","Ultimate Obligor
Ultimate Obligor
Ultimate Obligor"
"POSTS & TELECOMMUNICATION CORPORATION, ZIMBABWE",NULL,00003753,00003753,BUYER CREDIT GUARANTEE,FACILITY CUSTOMER
PROVINCIAL ELECTRICITY AUTHORITY,00312560,00003734,00003734,BUYER CREDIT GUARANTEE,FACILITY CUSTOMER
QG CONSTRUCTION UK LIMITED,00317022,00277442,00277442,"DL LOAN (ENHANCED)
BUYER CREDIT GUARANTEE","EXPORTER/OII INVESTOR
EXPORTER/OII INVESTOR"
RAFIDAIN BANK,00312259,00000644,00000644,"LINE OF CREDIT GUARANTEE
LINE OF CREDIT GUARANTEE
BUYER CREDIT GUARANTEE
BUYER CREDIT GUARANTEE","FACILITY CUSTOMER
Ultimate Obligor
FACILITY CUSTOMER
Ultimate Obligor"
REPUBLIC OF CROATIA,NULL,00001817,00001817,BUYER CREDIT GUARANTEE,Ultimate Obligor
REPUBLIC OF LEBANON THE,NULL,00003863,00003863,"BUYER CREDIT GUARANTEE
BUYER CREDIT GUARANTEE","FACILITY CUSTOMER
Ultimate Obligor"
ROCK MECHANICS TECHNOLOGY LIMITED,00305830,00003029,00003029,BUYER CREDIT GUARANTEE,EXPORTER/OII INVESTOR
ROLLS-ROYCE INTERNATIONAL LIMITED,00308606,00221391,00221391,BUYER CREDIT GUARANTEE,EXPORTER/OII INVESTOR
RUSTON DIESELS LTD,00301803,00004029,00004029,BUYER CREDIT GUARANTEE,PARIS CLUB PAYEE
SAPURA DIAMANTE GMBH,00309404,00244952,00244952,"BUYER CREDIT GUARANTEE
BUYER CREDIT GUARANTEE","FACILITY CUSTOMER
Ultimate Obligor"
SAPURA TOPAZIO GMBH,00309403,00244968,00244968,"BUYER CREDIT GUARANTEE
BUYER CREDIT GUARANTEE","FACILITY CUSTOMER
Ultimate Obligor"
"SERBIA, MINISTRY OF FINANCE",00319258,00287702,00287702,"BUYER CREDIT GUARANTEE
BUYER CREDIT GUARANTEE","Ultimate Obligor
FACILITY CUSTOMER"
SIEMENS PLC,00302197,00004243,00004243,BUYER CREDIT GUARANTEE,EXPORTER/OII INVESTOR
SIMON I WELL LIMITED,00307306,00002907,00002907,BUYER CREDIT GUARANTEE,EXPORTER/OII INVESTOR
DEUTSCHE BANK AG,00317430,00287569,00287569,"BUYER CREDIT GUARANTEE
BUYER CREDIT GUARANTEE
DL LOAN (ENHANCED)","LEAD/AGENT BANK
SYNDICATE LENDER
DL PANEL AGENT BANK"
DEUTSCHE BANK TRUST COMPANY AMERICAS,00300129,00000603,00000603,"ASSET BASED GUARANTEE
ASSET BASED GUARANTEE
BUYER CREDIT GUARANTEE","SYNDICATE LENDER
SOLE LENDER
SYNDICATE LENDER"
DEXIA CREDIT LOCAL,00313706,00001707,00001707,"BUYER CREDIT GUARANTEE
PROJECT FINANCING GUARANTEE","SYNDICATE LENDER
SYNDICATE LENDER"
DRESDNER KLEINWORT WASSERSTEIN LIMITED,00300274,00003695,00003695,"ASSET BASED GUARANTEE
BUYER CREDIT GUARANTEE
BUYER CREDIT GUARANTEE
BUYER CREDIT GUARANTEE","SYNDICATE LENDER
LEAD/AGENT BANK
SOLE LENDER
SYNDICATE LENDER"
DUBAI ARENA LLC,NULL,00271682,00271682,"DL LOAN (ENHANCED)
BUYER CREDIT GUARANTEE","FACILITY CUSTOMER
FACILITY CUSTOMER"
E.L BATEMAN ENGINEERING COMPANY LIMITED,00308898,00003538,00003538,BUYER CREDIT GUARANTEE,EXPORTER/OII INVESTOR
EKSPORT KREDIT FONDEN,NULL,00001356,00001356,BUYER CREDIT GUARANTEE,RE-INSURER ECA
EVRAZ INC NORTH AMERICA,NULL,00260175,00260175,"DL LOAN (ENHANCED)
BUYER CREDIT GUARANTEE","Ultimate Obligor
Ultimate Obligor"
FINANS BANK ANONIM SIRKETI,NULL,00001312,00001312,BUYER CREDIT GUARANTEE,Ultimate Obligor
FORMOSA 2 WIND POWER CO LTD,00317021,00279777,00279777,"BUYER CREDIT GUARANTEE
BUYER CREDIT GUARANTEE","Ultimate Obligor
FACILITY CUSTOMER"
GAZPROM,00312770,00003541,00003541,"BUYER CREDIT GUARANTEE
BUYER CREDIT GUARANTEE","Ultimate Obligor
FACILITY CUSTOMER"
GAZPROMBANK,00310177,00238221,00238221,"BUYER CREDIT GUARANTEE
BUYER CREDIT GUARANTEE","FACILITY CUSTOMER
Ultimate Obligor"
GE OIL & GAS UK LIMITED,00306620,00254138,00254138,"DL LOAN (ENHANCED)
BUYER CREDIT GUARANTEE","EXPORTER/OII INVESTOR
EXPORTER/OII INVESTOR"
GENERAL SYSTEMS DESIGN UK LTD,00304438,00259098,00259098,"DL LOAN (ENHANCED)
BUYER CREDIT GUARANTEE","EXPORTER/OII INVESTOR
EXPORTER/OII INVESTOR"
GHANA CIVIL AVIATION AUTHORITY,NULL,00001638,00001638,"BUYER CREDIT GUARANTEE
BUYER CREDIT GUARANTEE","Ultimate Obligor
FACILITY CUSTOMER"
GOVT OF BURMA,NULL,00000617,00000617,BUYER CREDIT GUARANTEE,FACILITY CUSTOMER
GOVT OF THE RUSSIAN FEDERATION,NULL,00003568,00003568,BUYER CREDIT GUARANTEE,Ultimate Obligor
HAVANA INTERNATIONAL BANK LTD,00300735,00000468,00000468,BUYER CREDIT GUARANTEE,SYNDICATE LENDER
HEATON POWER LTD.,00301850,00004569,00004569,BUYER CREDIT GUARANTEE,EXPORTER/OII INVESTOR
HOLDTRADE MINING LIMITED,00306377,00003028,00003028,BUYER CREDIT GUARANTEE,EXPORTER/OII INVESTOR
HOWDEN BUFFALO LIMITED,00313917,00003026,00003026,BUYER CREDIT GUARANTEE,EXPORTER/OII INVESTOR
HSBC AS,NULL,00001366,00001366,BUYER CREDIT GUARANTEE,Ultimate Obligor
HSBC BANK PLC,00300342,00004566,00004566,"ASSET BASED GUARANTEE
BUYER CREDIT GUARANTEE
ASSET BASED GUARANTEE
DL LOAN (ENHANCED)
ASSET BASED GUARANTEE
BUYER CREDIT GUARANTEE
BUYER CREDIT GUARANTEE
LINE OF CREDIT GUARANTEE
LINE OF CREDIT GUARANTEE
PROJECT FINANCING GUARANTEE
BUYER CREDIT GUARANTEE
SUPPLIER CREDIT FINANCE GUARANTEE
LINE OF CREDIT GUARANTEE
SUPPLIER CREDIT FINANCE GUARANTEE
LINE OF CREDIT GUARANTEE
SUPPLIER CREDIT FINANCE GUARANTEE
PARIS CLUB CI TRANCHE
PARIS CLUB FD TRANCHE
PARIS CLUB OD TRANCHE","LEAD/AGENT BANK
PARIS CLUB PAYEE
SOLE LENDER
DL PANEL AGENT BANK
SYNDICATE LENDER
SOLE LENDER
LEAD/AGENT BANK
EXPORTER/OII INVESTOR
LEAD/AGENT BANK
LEAD/AGENT BANK
SYNDICATE LENDER
SOLE LENDER
SOLE LENDER
LEAD/AGENT BANK
SYNDICATE LENDER
SYNDICATE LENDER
PARIS CLUB PAYEE
PARIS CLUB PAYEE
PARIS CLUB PAYEE"
HSBC BANK PLC,00300342,00005661,00005661,"BUYER CREDIT GUARANTEE
DL LOAN (ENHANCED)
BUYER CREDIT GUARANTEE
PARIS CLUB CI TRANCHE
PARIS CLUB OD TRANCHE
PROJECT FINANCING GUARANTEE","LEAD/AGENT BANK
DL PANEL AGENT BANK
SYNDICATE LENDER
PARIS CLUB PAYEE
PARIS CLUB PAYEE
SYNDICATE LENDER"
IMPOFIN (PROPRIETARY) LIMITED,NULL,00003669,00003669,BUYER CREDIT GUARANTEE,FACILITY CUSTOMER
INNOVO PROJECTS LIMITED FORMERLY KNOWN BY ASGC UK LIMITED,00306082,00275154,00275154,"BUYER CREDIT GUARANTEE
LINE OF CREDIT GUARANTEE
DL LOAN (ENHANCED)","EXPORTER/OII INVESTOR
EXPORTER/OII INVESTOR
EXPORTER/OII INVESTOR"
INTERNATIONAL HOSPITALS GROUP LTD,00306565,00004601,00004601,"DL LOAN (ENHANCED)
BUYER CREDIT GUARANTEE","EXPORTER/OII INVESTOR
EXPORTER/OII INVESTOR"
JOHN LAING CONSTRUCTION LTD,00300281,00004081,00004081,BUYER CREDIT GUARANTEE,EXPORTER/OII INVESTOR
JOINT STOCK COMPANY BANK OTKRITIE FINANCIAL CORPORATION MOSCOW,NULL,00288919,00288919,BUYER CREDIT GUARANTEE,LEAD/AGENT BANK
KBC BANK NV,00307558,00000525,00000525,"ASSET BASED GUARANTEE
BUYER CREDIT GUARANTEE","SYNDICATE LENDER
SYNDICATE LENDER"
KVAERNER ENERGY LIMITED,00301965,00004112,00004112,"PARIS CLUB CI TRANCHE
BUYER CREDIT GUARANTEE
PARIS CLUB OD TRANCHE","PARIS CLUB PAYEE
EXPORTER/OII INVESTOR
PARIS CLUB PAYEE"
LAND ROVER EXPORTS LIMITED,00304854,00004581,00004581,"PARIS CLUB CI TRANCHE
BUYER CREDIT GUARANTEE
PARIS CLUB FD TRANCHE
PARIS CLUB OD TRANCHE","PARIS CLUB PAYEE
EXPORTER/OII INVESTOR
PARIS CLUB PAYEE
PARIS CLUB PAYEE"
LANDESBANK HESSEN-THURINGEN GIROZEN GIROZENTRALE,00309442,00230424,00230424,"BUYER CREDIT GUARANTEE
ASSET BASED GUARANTEE
ASSET BASED GUARANTEE","SYNDICATE LENDER
LEAD/AGENT BANK
SYNDICATE LENDER"
"LAZARD & CO., LIMITED",00300288,00000347,00000347,"BUYER CREDIT GUARANTEE
BUYER CREDIT GUARANTEE
BUYER CREDIT GUARANTEE
PARIS CLUB CI TRANCHE
PARIS CLUB OD TRANCHE","EXPORTER/OII INVESTOR
LEAD/AGENT BANK
SYNDICATE LENDER
PARIS CLUB PAYEE
PARIS CLUB PAYEE"
LIANG TEJAVIBULYA,NULL,00000697,00000697,BUYER CREDIT GUARANTEE,Ultimate Obligor
LLOYDS SYNDICATE 0623/2623 BEAZLEY,NULL,00270909,00270909,BUYER CREDIT GUARANTEE,RE-INSURER ECA
LLOYDS SYNDICATE 0623/2623 BEAZLEY,00317123,00277856,00277856,"BUYER CREDIT GUARANTEE
LINE OF CREDIT GUARANTEE
BUYER CREDIT GUARANTEE
LINE OF CREDIT GUARANTEE","RE-INSURER ECA
PARIS CLUB PAYEE
PARIS CLUB PAYEE
RE-INSURER ECA"
LLOYDS SYNDICATE 1084 CHAUCER,00323622,00293543,00293543,"BUYER CREDIT GUARANTEE
SUPPLIER CREDIT FINANCE GUARANTEE","RE-INSURER ECA
RE-INSURER ECA"
SKANDINAVISKA ENSKILDA BANKEN AB,00318371,00280276,00280276,BUYER CREDIT GUARANTEE,SYNDICATE LENDER
SNAMPROGETTI LIMITED,00301083,00003896,00003896,"BUYER CREDIT GUARANTEE
SUPPLIER CREDIT FINANCE GUARANTEE","EXPORTER/OII INVESTOR
EXPORTER/OII INVESTOR"
SONATRACH,NULL,00003888,00003888,"BUYER CREDIT GUARANTEE
BOND INSURANCE POLICY
BOND INSURANCE POLICY
BUYER CREDIT GUARANTEE
EXPORT INSURANCE (EXIP)
EXPORT INSURANCE (EXIP)","Ultimate Obligor
Ultimate Obligor
FACILITY CUSTOMER
FACILITY CUSTOMER
FACILITY CUSTOMER
Ultimate Obligor"
STANDARD CHARTERED BANK,00306642,00004328,00004328,"ASSET BASED GUARANTEE
ASSET BASED GUARANTEE
BUYER CREDIT GUARANTEE
BUYER CREDIT GUARANTEE
ASSET BASED GUARANTEE
BUYER CREDIT GUARANTEE
DL LOAN (ENHANCED)
BUYER CREDIT GUARANTEE
PARIS CLUB CI TRANCHE
LINE OF CREDIT GUARANTEE
PARIS CLUB OD TRANCHE","LEAD/AGENT BANK
SOLE LENDER
LEAD/AGENT BANK
SOLE LENDER
SYNDICATE LENDER
PARIS CLUB PAYEE
DL PANEL AGENT BANK
SYNDICATE LENDER
PARIS CLUB PAYEE
SYNDICATE LENDER
PARIS CLUB PAYEE"
STANDARD CHARTERED BANK,00307527,00005742,00005742,"ASSET BASED GUARANTEE
BUYER CREDIT GUARANTEE
ASSET BASED GUARANTEE
BUYER CREDIT GUARANTEE
PARIS CLUB CI TRANCHE
PARIS CLUB OD TRANCHE","LEAD/AGENT BANK
SYNDICATE LENDER
SYNDICATE LENDER
LEAD/AGENT BANK
PARIS CLUB PAYEE
PARIS CLUB PAYEE"
STATE COMPANY FOR OIL PROJECTS,NULL,00000638,00000638,BUYER CREDIT GUARANTEE,FACILITY CUSTOMER
SUEK LTD,00311973,00246135,00246135,"SUPPLIER CREDIT FINANCE GUARANTEE
BUYER CREDIT GUARANTEE","FACILITY CUSTOMER
FACILITY CUSTOMER"
SUEK OJSC,NULL,00268101,00268101,BUYER CREDIT GUARANTEE,Ultimate Obligor
SUMITOMO MITSUI BANKING CORP EUROPE LTD,NULL,00215631,00215631,"BUYER CREDIT GUARANTEE
ASSET BASED GUARANTEE
BUYER CREDIT GUARANTEE
ASSET BASED GUARANTEE
PROJECT FINANCING GUARANTEE
PROJECT FINANCING GUARANTEE","LEAD/AGENT BANK
LEAD/AGENT BANK
SYNDICATE LENDER
SYNDICATE LENDER
LEAD/AGENT BANK
SYNDICATE LENDER"
SUMITOMO MITSUI BANKING CORPORATION EUROPE LIMITED,00313116,00002079,00002079,"SUPPLIER CREDIT FINANCE GUARANTEE
ASSET BASED GUARANTEE
BUYER CREDIT GUARANTEE
ASSET BASED GUARANTEE","LEAD/AGENT BANK
LEAD/AGENT BANK
SYNDICATE LENDER
SYNDICATE LENDER"
SUNEXPRESS,00322683,00288214,00288214,"ASSET BASED GUARANTEE
ASSET BASED GUARANTEE
BUYER CREDIT GUARANTEE
BUYER CREDIT GUARANTEE","FACILITY CUSTOMER
Ultimate Obligor
Ultimate Obligor
FACILITY CUSTOMER"
TELENT TECHNOLOGY SERVICES LIMITED,00303915,00004179,00004179,"BUYER CREDIT GUARANTEE
PARIS CLUB CI TRANCHE
PARIS CLUB FD TRANCHE
PARIS CLUB OD TRANCHE","EXPORTER/OII INVESTOR
PARIS CLUB PAYEE
PARIS CLUB PAYEE
PARIS CLUB PAYEE"
THALES TRAINING & SIMULATION LIMITED,00302172,00004472,00004472,"EXPORT INSURANCE (EXIP)
BUYER CREDIT GUARANTEE
EXPORT INSURANCE (EXIP)","EXPORTER/OII INVESTOR
EXPORTER/OII INVESTOR
UNINSURED AMOUNT"
THALES UK LIMITED - READING OFFICE,00318857,00293903,00293903,"BUYER CREDIT GUARANTEE
BOND INSURANCE POLICY","EXPORTER/OII INVESTOR
EXPORTER/OII INVESTOR"
THE BANK OF TOKYO-MITSUBISHI UFJ LTD,00314397,00240504,00240504,BUYER CREDIT GUARANTEE,SYNDICATE LENDER
"TOGO, MINISTRY OF ECONOMY AND FINANCE",00320013,00291473,00291473,"BUYER CREDIT GUARANTEE
DL LOAN (ENHANCED)
DL LOAN (ENHANCED)
BUYER CREDIT GUARANTEE","Ultimate Obligor
Ultimate Obligor
FACILITY CUSTOMER
FACILITY CUSTOMER"
TRIPOD ENGINEERING COMPANY LIMITED,00306527,00000405,00000405,BUYER CREDIT GUARANTEE,EXPORTER/OII INVESTOR
"TURKEY, MINISTRY OF TREASURY AND FINANCE",00319075,00003433,00003433,BUYER CREDIT GUARANTEE,Ultimate Obligor
"UGANDA, MINISTRY OF FINANCE, PLANNING AND ECONOMIC DEVELOPMENT",00316853,00229789,00229789,"BUYER CREDIT GUARANTEE
BUYER CREDIT GUARANTEE
DL LOAN (ENHANCED)
DL LOAN (ENHANCED)","FACILITY CUSTOMER
Ultimate Obligor
FACILITY CUSTOMER
Ultimate Obligor"
"UKRAINE, MINISTRY OF FINANCE",00319044,00210156,00210156,"DL LOAN (ENHANCED)
BUYER CREDIT GUARANTEE
BUYER CREDIT GUARANTEE
DL LOAN (ENHANCED)","FACILITY CUSTOMER
Ultimate Obligor
FACILITY CUSTOMER
Ultimate Obligor"
UNICREDIT BANCA MEDIOCREDITO SPA,NULL,00201704,00201704,BUYER CREDIT GUARANTEE,SYNDICATE LENDER
UNICREDIT BANK GMBH,NULL,00288777,00288777,BUYER CREDIT GUARANTEE,SYNDICATE LENDER
UNICREDIT BANK GMBH FORMERLY KNOWN AS BAYERISCHE HYPO-UND VEREINSBANK AG,NULL,00000340,00000340,"BUYER CREDIT GUARANTEE
ASSET BASED GUARANTEE
ASSET BASED GUARANTEE
PROJECT FINANCING GUARANTEE","SYNDICATE LENDER
SOLE LENDER
SYNDICATE LENDER
SYNDICATE LENDER"
UNICREDITO ITALIANO SPA,00307632,00004033,00004033,BUYER CREDIT GUARANTEE,SYNDICATE LENDER
UNIFLOC LIMITED,00309294,00004543,00004543,BUYER CREDIT GUARANTEE,PARIS CLUB PAYEE
USB SWITZERLAND AG,00328389,00294378,00294378,BUYER CREDIT GUARANTEE,SYNDICATE LENDER
VARIOUS,00311729,00003874,00003874,"DL LOAN (ENHANCED)
BUYER CREDIT GUARANTEE","EXPORTER/OII INVESTOR
EXPORTER/OII INVESTOR"
VT SHIPBUILDING INTERNATIONAL LIMITED,00310609,00002795,00002795,"EXPORT INSURANCE (EXIP)
BOND INSURANCE POLICY
EXPORT INSURANCE (EXIP)
BUYER CREDIT GUARANTEE","UNINSURED AMOUNT
EXPORTER/OII INVESTOR
EXPORTER/OII INVESTOR
EXPORTER/OII INVESTOR"
WELLSTREAM INTERNATIONAL LIMITED,00313014,00261773,00261773,BUYER CREDIT GUARANTEE,EXPORTER/OII INVESTOR
WORLEY PARSONS UK LIMITED,00303037,00263297,00263297,"BUYER CREDIT GUARANTEE
DL LOAN (ENHANCED)","EXPORTER/OII INVESTOR
EXPORTER/OII INVESTOR"
ZURICH INSURANCE COMPANY LTD,00326550,00291768,00291768,BUYER CREDIT GUARANTEE,RE-INSURER ECA
LLOYDS SYNDICATE 2007 AXIS,00315336,00277825,00277825,"BUYER CREDIT GUARANTEE
LINE OF CREDIT GUARANTEE
BUYER CREDIT GUARANTEE
LINE OF CREDIT GUARANTEE","PARIS CLUB PAYEE
PARIS CLUB PAYEE
RE-INSURER ECA
RE-INSURER ECA"
LLOYDS SYNDICATE 2007 AXIS,00405584,00275974,00275974,BUYER CREDIT GUARANTEE,RE-INSURER ECA
LLOYDS SYNDICATE 2468 NEON,00315340,00277774,00277774,BUYER CREDIT GUARANTEE,RE-INSURER ECA
LLOYDS SYNDICATE 2468 NEON,00405588,00276021,00276021,BUYER CREDIT GUARANTEE,RE-INSURER ECA
LLOYDS SYNDICATE 3010 LANCASHIRE SYNDICATES LTD,00327041,00294925,00294925,BUYER CREDIT GUARANTEE,RE-INSURER ECA
LLOYDS TSB OFFSHORE LIMITED,00303803,00002301,00002301,"BUYER CREDIT GUARANTEE
ASSET BASED GUARANTEE","SYNDICATE LENDER
SYNDICATE LENDER"
LONDON FORFAITING COMPANY LIMITED,00306996,00279988,00279988,"SUPPLIER CREDIT FINANCE GUARANTEE
BUYER CREDIT GUARANTEE","LEAD/AGENT BANK
LEAD/AGENT BANK"
LUMMUS MACKIE LTD,00308021,00000365,00000365,"BUYER CREDIT GUARANTEE
PARIS CLUB CI TRANCHE
PARIS CLUB FD TRANCHE","EXPORTER/OII INVESTOR
PARIS CLUB PAYEE
PARIS CLUB PAYEE"
MABEY BRIDGE LIMITED,00306425,00221769,00221769,BUYER CREDIT GUARANTEE,EXPORTER/OII INVESTOR
MARCONI COMMUNICATIONS INTERNATIONAL LIMITED,00308726,00004181,00004181,"BOND INSURANCE POLICY
BUYER CREDIT GUARANTEE","EXPORTER/OII INVESTOR
EXPORTER/OII INVESTOR"
"MIN OF ECONOMY,FINANCE,GABON",NULL,00224535,00224535,"BUYER CREDIT GUARANTEE
DL LOAN (ENHANCED)
DL LOAN (ENHANCED)
BUYER CREDIT GUARANTEE","Ultimate Obligor
Ultimate Obligor
FACILITY CUSTOMER
FACILITY CUSTOMER"
"MIN OF FINANCE&PLANNING, ST VINCENT & GRENADINES",NULL,00231442,00231442,"BUYER CREDIT GUARANTEE
BUYER CREDIT GUARANTEE
DL LOAN (ENHANCED)
DL LOAN (ENHANCED)","FACILITY CUSTOMER
Ultimate Obligor
FACILITY CUSTOMER
Ultimate Obligor"
"MIN OF FINANCE, BRAZIL",NULL,00003586,00003586,"BUYER CREDIT GUARANTEE
SUPPLIER CREDIT FINANCE GUARANTEE
BUYER CREDIT GUARANTEE
SUPPLIER CREDIT FINANCE GUARANTEE","Ultimate Obligor
FACILITY CUSTOMER
FACILITY CUSTOMER
Ultimate Obligor"
"MIN OF FINANCE, THAILAND",NULL,00003673,00003673,BUYER CREDIT GUARANTEE,Ultimate Obligor
"MIN OF INDUSTRY & MILITARY MANUFACTURING, IRAQ",NULL,00000309,00000309,BUYER CREDIT GUARANTEE,FACILITY CUSTOMER
"MIN OF WORKS & HOUSING - URBAN DEVELOPMENT, NIGERIA",NULL,00000663,00000663,BUYER CREDIT GUARANTEE,FACILITY CUSTOMER
MIRRLEES BLACKSTONE LTD,00304111,00004567,00004567,"PARIS CLUB CI TRANCHE
EXPORT INSURANCE (EXIP)
BUYER CREDIT GUARANTEE
PARIS CLUB OD TRANCHE
EXPORT INSURANCE (EXIP)","PARIS CLUB PAYEE
EXPORTER/OII INVESTOR
EXPORTER/OII INVESTOR
PARIS CLUB PAYEE
UNINSURED AMOUNT"
MOZAMBIQUE LNG1 FINANCING COMPANY,NULL,00283193,00283193,"DL LOAN (ENHANCED)
BUYER CREDIT GUARANTEE
BUYER CREDIT GUARANTEE
DL LOAN (ENHANCED)","Ultimate Obligor
Ultimate Obligor
FACILITY CUSTOMER
FACILITY CUSTOMER"
NATIONAL PETROCHEMICAL COMPANY (NPC),00311652,00001765,00001765,"BUYER CREDIT GUARANTEE
BUYER CREDIT GUARANTEE
SUPPLIER CREDIT FINANCE GUARANTEE
SUPPLIER CREDIT FINANCE GUARANTEE","FACILITY CUSTOMER
Ultimate Obligor
Ultimate Obligor
FACILITY CUSTOMER"
"NATIXIS, FRANCE",NULL,00001438,00001438,"ASSET BASED GUARANTEE
BUYER CREDIT GUARANTEE
PROJECT FINANCING GUARANTEE
ASSET BASED GUARANTEE
SUPPLIER CREDIT FINANCE GUARANTEE
ASSET BASED GUARANTEE
BUYER CREDIT GUARANTEE","LEAD/AGENT BANK
LEAD/AGENT BANK
SYNDICATE LENDER
SOLE LENDER
SYNDICATE LENDER
SYNDICATE LENDER
SYNDICATE LENDER"
NEW RAILWAY IMPLEMENTATION AUTHORITY,NULL,00000646,00000646,BUYER CREDIT GUARANTEE,FACILITY CUSTOMER
NORDIC TRUSTEE AS,00326693,00294504,00294504,BUYER CREDIT GUARANTEE,LEAD/AGENT BANK
"OMAN, MINISTRY OF FINANCE",00319821,00003781,00003781,"BUYER CREDIT GUARANTEE
ASSET BASED GUARANTEE
DL LOAN (ENHANCED)
BUYER CREDIT GUARANTEE
DL LOAN (ENHANCED)","FACILITY CUSTOMER
Ultimate Obligor
FACILITY CUSTOMER
Ultimate Obligor
Ultimate Obligor"
OSC PROCESS ENGINEERING LTD.,00304610,00000448,00000448,BUYER CREDIT GUARANTEE,EXPORTER/OII INVESTOR
PAKISTAN MOBILE COMMUNICATIONS (PVT) LIMITED,00312448,00002774,00002774,"BUYER CREDIT GUARANTEE
BUYER CREDIT GUARANTEE","FACILITY CUSTOMER
Ultimate Obligor"
PHILIP HARRIS (INTERNATIONAL) LIMITED,00307735,00004162,00004162,BUYER CREDIT GUARANTEE,EXPORTER/OII INVESTOR
PORTIGON AG,00302044,00000950,00000950,"BUYER CREDIT GUARANTEE
ASSET BASED GUARANTEE
ASSET BASED GUARANTEE","EXPORTER/OII INVESTOR
LEAD/AGENT BANK
SYNDICATE LENDER"
PROPAV AND MECCO ZANZIBAR ROAD CONSTRUCTION,00325907,00293627,00293627,"DL LOAN (ENHANCED)
BUYER CREDIT GUARANTEE","EXPORTER/OII INVESTOR
EXPORTER/OII INVESTOR"
PUBLIC INVESTMENT FUND,00316786,00277011,00277011,"EXPORT INSURANCE (EXIP)
BUYER CREDIT GUARANTEE
EXPORT INSURANCE (EXIP)","Ultimate Obligor
Ultimate Obligor
FACILITY CUSTOMER"
REC ULUSLARARASI INSAAT YATIRIM SAN YI VE,00322813,00292215,00292215,BUYER CREDIT GUARANTEE,EXPORTER/OII INVESTOR
REPUBLIC OF SOUTH AFRICA,NULL,00001471,00001471,"BUYER CREDIT GUARANTEE
BUYER CREDIT GUARANTEE","Ultimate Obligor
FACILITY CUSTOMER"
ROLLS-ROYCE PLC,00300546,00004220,00004220,"ASSET BASED GUARANTEE
SUPPLY CHAIN DISCOUNT
BUYER CREDIT GUARANTEE
PARIS CLUB CI TRANCHE
EXPORT DEVELOPMENT GUARANTEE
PARIS CLUB OD TRANCHE
SUPPLY CHAIN DISCOUNT","EXPORTER/OII INVESTOR
Ultimate Obligor
EXPORTER/OII INVESTOR
PARIS CLUB PAYEE
FACILITY CUSTOMER
PARIS CLUB PAYEE
FACILITY CUSTOMER"
ROLLS-ROYCE TURBOMECA LIMITED,00301181,00003009,00003009,"BUYER CREDIT GUARANTEE
BOND INSURANCE POLICY
EXPORT INSURANCE (EXIP)","EXPORTER/OII INVESTOR
EXPORTER/OII INVESTOR
EXPORTER/OII INVESTOR"
SABRE COMPUTERS INTERNATIONAL LTD,00306603,00253402,00253402,"BOND INSURANCE POLICY
BOND SUPPORT
BUYER CREDIT GUARANTEE
BOND SUPPORT","EXPORTER/OII INVESTOR
FACILITY CUSTOMER
EXPORTER/OII INVESTOR
Ultimate Obligor"
SANTANDER - SPAIN,00320936,00293912,00293912,BUYER CREDIT GUARANTEE,LEAD/AGENT BANK
SANTANDER BANK,NULL,00271213,00271213,BUYER CREDIT GUARANTEE,LEAD/AGENT BANK
SANTANDER FINANCIAL SERVICES PLC,00308262,00002641,00002641,BUYER CREDIT GUARANTEE,SYNDICATE LENDER
SBC (UGANDA) LIMITED,00307064,00264904,00264904,"BUYER CREDIT GUARANTEE
DL LOAN (ENHANCED)","EXPORTER/OII INVESTOR
EXPORTER/OII INVESTOR"
SEADREC LTD,00302127,00003878,00003878,BUYER CREDIT GUARANTEE,EXPORTER/OII INVESTOR
"SENEGAL, MINISTRY OF ECONOMY FINANCE AND PLANNING",00317883,00287603,00287603,"DL LOAN (ENHANCED)
BUYER CREDIT GUARANTEE
BUYER CREDIT GUARANTEE
DL LOAN (ENHANCED)
LINE OF CREDIT GUARANTEE","Ultimate Obligor
Ultimate Obligor
FACILITY CUSTOMER
FACILITY CUSTOMER
Ultimate Obligor"
SERV (SWISS EXPORT RISK INSURANCE),00324136,00274401,00274401,BUYER CREDIT GUARANTEE,RE-INSURER ECA
SIEMENS S.R.O.,00309993,00259067,00259067,"DL LOAN (ENHANCED)
BUYER CREDIT GUARANTEE","EXPORTER/OII INVESTOR
EXPORTER/OII INVESTOR"
SIR WILLIAM HALCROW & PARTNERS LIMITED,00306650,00004011,00004011,BUYER CREDIT GUARANTEE,EXPORTER/OII INVESTOR
SKANSKA AFRICA LIMITED,00314187,00001639,00001639,BUYER CREDIT GUARANTEE,EXPORTER/OII INVESTOR
SKANSKA CEMENTATION INTERNATIONAL LIMITED,00303076,00004586,00004586,"BUYER CREDIT GUARANTEE
EXPORT INSURANCE (EXIP)
EXPORT INSURANCE (EXIP)
PARIS CLUB OD TRANCHE","EXPORTER/OII INVESTOR
EXPORTER/OII INVESTOR
UNINSURED AMOUNT
PARIS CLUB PAYEE"
SOCGEN,00300812,00279792,00279792,"BUYER CREDIT GUARANTEE
BUYER CREDIT GUARANTEE","LEAD/AGENT BANK
SYNDICATE LENDER"
SPI GLOBAL PLAY LTD,00317016,00286856,00286856,"BUYER CREDIT GUARANTEE
EXPORT INSURANCE (EXIP)
EXPORT INSURANCE (EXIP)
SUPPLIER CREDIT FINANCE GUARANTEE","EXPORTER/OII INVESTOR
EXPORTER/OII INVESTOR
UNINSURED AMOUNT
EXPORTER/OII INVESTOR"
STATE CONTRACTING COMPANY FOR INDUSTRIAL PROJECTS,NULL,00000645,00000645,BUYER CREDIT GUARANTEE,FACILITY CUSTOMER
SUBSEA 7 INTERNATIONAL CONTRACTING LIMITED,00310892,00242348,00242348,BUYER CREDIT GUARANTEE,EXPORTER/OII INVESTOR
SUMITOMO MITSUI BANKING CORPORATION,00301111,00000596,00000596,"ASSET BASED GUARANTEE
BUYER CREDIT GUARANTEE
BUYER CREDIT GUARANTEE
BUYER CREDIT GUARANTEE","SYNDICATE LENDER
LEAD/AGENT BANK
SOLE LENDER
SYNDICATE LENDER"
SWISS RE INTERNATIONAL SE,00325309,00270924,00270924,BUYER CREDIT GUARANTEE,RE-INSURER ECA
"TANZANIA, MINISTRY OF FINANCE",00324943,00230514,00230514,"DL LOAN (ENHANCED)
DL LOAN (ENHANCED)
BUYER CREDIT GUARANTEE
BUYER CREDIT GUARANTEE","Ultimate Obligor
FACILITY CUSTOMER
Ultimate Obligor
FACILITY CUSTOMER"
TD BANK N.A.,00300012,00239689,00239689,"BUYER CREDIT GUARANTEE
ASSET BASED GUARANTEE
ASSET BASED GUARANTEE
ASSET BASED GUARANTEE","SYNDICATE LENDER
LEAD/AGENT BANK
SOLE LENDER
SYNDICATE LENDER"
TENAGA NASIONAL BERHAD (TNB),NULL,00001315,00001315,"BUYER CREDIT GUARANTEE
BUYER CREDIT GUARANTEE
BOND INSURANCE POLICY
BOND INSURANCE POLICY","Ultimate Obligor
FACILITY CUSTOMER
Ultimate Obligor
FACILITY CUSTOMER"
THALES UK LIMITED,00308608,00206901,00206901,"BOND INSURANCE POLICY
BUYER CREDIT GUARANTEE
EXPORT INSURANCE (EXIP)
EXPORT INSURANCE (EXIP)","EXPORTER/OII INVESTOR
EXPORTER/OII INVESTOR
EXPORTER/OII INVESTOR
UNINSURED AMOUNT"
TREASURY SOLICITOR,NULL,00002241,00002241,"BUYER CREDIT GUARANTEE
PARIS CLUB CI TRANCHE
PARIS CLUB AGREEMENT
PARIS CLUB FD TRANCHE
PARIS CLUB OD TRANCHE","PARIS CLUB PAYEE
PARIS CLUB PAYEE
PARIS CLUB PAYEE
PARIS CLUB PAYEE
PARIS CLUB PAYEE"
TYLLIUM UK LIMITED,00405608,00282392,00282392,"BUYER CREDIT GUARANTEE
DL LOAN (ENHANCED)","EXPORTER/OII INVESTOR
EXPORTER/OII INVESTOR"
UNICREDIT BANK GMBH,NULL,00264231,00264231,"BUYER CREDIT GUARANTEE
BUYER CREDIT GUARANTEE","LEAD/AGENT BANK
SYNDICATE LENDER"
UNION BANK OF NIGERIA PLC,00312437,00000665,00000665,"BUYER CREDIT GUARANTEE
ASSET BASED GUARANTEE
ASSET BASED GUARANTEE","Ultimate Obligor
Ultimate Obligor
FACILITY CUSTOMER"
VA TECH PEEBLES TRANSFORMERS LIMITED,00310010,00004474,00004474,"PARIS CLUB CI TRANCHE
BUYER CREDIT GUARANTEE
PARIS CLUB OD TRANCHE","PARIS CLUB PAYEE
EXPORTER/OII INVESTOR
PARIS CLUB PAYEE"
VA TECH REYROLLE DISTRIBUTION LIMITED,00301849,00004580,00004580,"BUYER CREDIT GUARANTEE
PARIS CLUB CI TRANCHE
PARIS CLUB OD TRANCHE","PARIS CLUB PAYEE
PARIS CLUB PAYEE
PARIS CLUB PAYEE"
VITOL UPSTREAM GHANA LIMITED,00312397,00269846,00269846,"BUYER CREDIT GUARANTEE
DL LOAN (ENHANCED)
BUYER CREDIT GUARANTEE
DL LOAN (ENHANCED)","Ultimate Obligor
FACILITY CUSTOMER
FACILITY CUSTOMER
Ultimate Obligor"
VWS WESTGARTH LIMITED,00312041,00004436,00004436,"SUPPLIER CREDIT FINANCE GUARANTEE
BUYER CREDIT GUARANTEE","EXPORTER/OII INVESTOR
EXPORTER/OII INVESTOR"
WEST MERCHANT BANK LIMITED,00300718,00003698,00003698,"ASSET BASED GUARANTEE
BUYER CREDIT GUARANTEE
BUYER CREDIT GUARANTEE
BUYER CREDIT GUARANTEE
BUYER CREDIT GUARANTEE","SYNDICATE LENDER
EXPORTER/OII INVESTOR
LEAD/AGENT BANK
SOLE LENDER
SYNDICATE LENDER"
YAHSAT TREASURY,00322659,00291411,00291411,BUYER CREDIT GUARANTEE,FACILITY CUSTOMER
YILDIRIM HOLDINGS A.S,00320162,00290004,00290004,BUYER CREDIT GUARANTEE,Ultimate Obligor
ZIMBABWE ELECTRICITY SUPPLY AUTHORITY (ZESA),NULL,00003649,00003649,BUYER CREDIT GUARANTEE,FACILITY CUSTOMER
ZURICH INSURANCE PLC UK BRANCH,00306714,00270934,00270934,BUYER CREDIT GUARANTEE,RE-INSURER ECA
LLOYDS SYNDICATE 3000 MARKEL,00405581,00275941,00275941,"BUYER CREDIT GUARANTEE
PROJECT FINANCING GUARANTEE","RE-INSURER ECA
RE-INSURER ECA"
LLOYDS SYNDICATE 3902 ARK,00324855,00293524,00293524,"SUPPLIER CREDIT FINANCE GUARANTEE
BUYER CREDIT GUARANTEE","RE-INSURER ECA
RE-INSURER ECA"
LLOYDS SYNDICATE 4444 CANOPIUS,00325217,00293537,00293537,"SUPPLIER CREDIT FINANCE GUARANTEE
BUYER CREDIT GUARANTEE","RE-INSURER ECA
RE-INSURER ECA"
LOCKHEED MARTIN UK LIMITED,00311162,00004517,00004517,"BUYER CREDIT GUARANTEE
PARIS CLUB CI TRANCHE
PARIS CLUB OD TRANCHE","EXPORTER/OII INVESTOR
PARIS CLUB PAYEE
PARIS CLUB PAYEE"
LURGI (UK) LIMITED,00301383,00003602,00003602,BUYER CREDIT GUARANTEE,EXPORTER/OII INVESTOR
MERAAS HOLDINGS LLC,00314402,00243593,00243593,"BUYER CREDIT GUARANTEE
BUYER CREDIT GUARANTEE
DL LOAN (ENHANCED)
DL LOAN (ENHANCED)","Ultimate Obligor
FACILITY CUSTOMER
Ultimate Obligor
FACILITY CUSTOMER"
"MIN NATIONAL DEFENCE AND WAR, IRAN",NULL,00002902,00002902,"BUYER CREDIT GUARANTEE
BUYER CREDIT GUARANTEE","FACILITY CUSTOMER
Ultimate Obligor"
"MIN OF FINANCE & COMMERCE, SEYCHELLES",NULL,00003653,00003653,"BUYER CREDIT GUARANTEE
BUYER CREDIT GUARANTEE","Ultimate Obligor
FACILITY CUSTOMER"
"MIN OF HOUSING AND CONSTRUCTION, IRAQ",NULL,00000308,00000308,BUYER CREDIT GUARANTEE,FACILITY CUSTOMER
"MIN OF PUBLIC FINANCE, ROMANIA",NULL,00003652,00003652,BUYER CREDIT GUARANTEE,Ultimate Obligor
MUFG BANK LTD,00308702,00278001,00278001,"BUYER CREDIT GUARANTEE
PROJECT FINANCING GUARANTEE
DL LOAN (ENHANCED)
PROJECT FINANCING GUARANTEE","LEAD/AGENT BANK
SYNDICATE LENDER
DL PANEL AGENT BANK
LEAD/AGENT BANK"
MYANMA FOREIGN TRADE BANK,NULL,00000619,00000619,BUYER CREDIT GUARANTEE,Ultimate Obligor
NATWEST MARKETS,00307351,00004489,00004489,"ASSET BASED GUARANTEE
GENERAL EXPORT FACILITY
PROJECT FINANCING GUARANTEE
PARIS CLUB CI TRANCHE
BUYER CREDIT GUARANTEE
PARIS CLUB FD TRANCHE
GENERAL EXPORT FACILITY
PARIS CLUB OD TRANCHE","SYNDICATE LENDER
Ultimate Obligor
SYNDICATE LENDER
PARIS CLUB PAYEE
SYNDICATE LENDER
PARIS CLUB PAYEE
FACILITY CUSTOMER
PARIS CLUB PAYEE"
NI TRANSFORMERS (UK) LIMITED,00309301,00000452,00000452,BUYER CREDIT GUARANTEE,EXPORTER/OII INVESTOR
NSG EXPORTS LIMITED,00302042,00003798,00003798,"BUYER CREDIT GUARANTEE
DL LOAN (ENHANCED)","EXPORTER/OII INVESTOR
EXPORTER/OII INVESTOR"
OEKB - OESTERREICHISCHE KONTROLLBANK AG,00324137,00001377,00001377,BUYER CREDIT GUARANTEE,RE-INSURER ECA
OPERADORA LINEA 7 SA,NULL,00260484,00260484,"BUYER CREDIT GUARANTEE
BUYER CREDIT GUARANTEE","FACILITY CUSTOMER
Ultimate Obligor"
OPP FILM S.A,00314609,00269674,00269674,BUYER CREDIT GUARANTEE,Ultimate Obligor
ORBIT PUMPS LIMITED,00311143,00003027,00003027,BUYER CREDIT GUARANTEE,EXPORTER/OII INVESTOR
PEMBA AIRPORT CONSTRUCTION CONSORTI UM,00327102,00293395,00293395,"BUYER CREDIT GUARANTEE
DL LOAN (ENHANCED)","EXPORTER/OII INVESTOR
EXPORTER/OII INVESTOR"
PNEUMATIC COMPONENTS LIMITED,00301662,00003157,00003157,"PARIS CLUB CI TRANCHE
BUYER CREDIT GUARANTEE
PARIS CLUB OD TRANCHE","PARIS CLUB PAYEE
PARIS CLUB PAYEE
PARIS CLUB PAYEE"
QIDDIYA INVESTMENT COMPANY,00316040,00278821,00278821,"EXPORT INSURANCE (EXIP)
EXPORT INSURANCE (EXIP)
BUYER CREDIT GUARANTEE","FACILITY CUSTOMER
Ultimate Obligor
FACILITY CUSTOMER"
S C CHEADLE HULME LTD,00304719,00004246,00004246,"BUYER CREDIT GUARANTEE
LINE OF CREDIT GUARANTEE","EXPORTER/OII INVESTOR
EXPORTER/OII INVESTOR"
SANTANDER UK PLC,00311081,00236814,00236814,"BUYER CREDIT GUARANTEE
BUYER CREDIT GUARANTEE","LEAD/AGENT BANK
SYNDICATE LENDER"
SCOTIABANK EUROPE PLC,00308974,00001369,00001369,"BUYER CREDIT GUARANTEE
ASSET BASED GUARANTEE","SOLE LENDER
SYNDICATE LENDER"
SERBA DINAMIK HOLDING BERHAD,00315595,00280161,00280161,BUYER CREDIT GUARANTEE,Ultimate Obligor
SES GLOBAL AMERICAS HOLDINGS GP,00300049,00222703,00222703,BUYER CREDIT GUARANTEE,Ultimate Obligor
SES SA,NULL,00219948,00219948,BUYER CREDIT GUARANTEE,FACILITY CUSTOMER
SHARJAH ENVIRONMENT CO LLC - BEEAH,00312324,00248614,00248614,"DL LOAN (ENHANCED)
DL LOAN (ENHANCED)
BUYER CREDIT GUARANTEE
BUYER CREDIT GUARANTEE","Ultimate Obligor
FACILITY CUSTOMER
Ultimate Obligor
FACILITY CUSTOMER"
SHELL RESEARCH LIMITED,00300411,00001700,00001700,"BUYER CREDIT GUARANTEE
SUPPLIER CREDIT FINANCE GUARANTEE","EXPORTER/OII INVESTOR
EXPORTER/OII INVESTOR"
SKY BUS REFORMA SA DE CV,00314247,00271207,00271207,"BUYER CREDIT GUARANTEE
BUYER CREDIT GUARANTEE","FACILITY CUSTOMER
Ultimate Obligor"
SOCIETE GENERALE,NULL,00231504,00231504,BUYER CREDIT GUARANTEE,SYNDICATE LENDER
STANDARD CHARTERED BANK,00306642,00005747,00005747,"PARIS CLUB CI TRANCHE
BUYER CREDIT GUARANTEE
PARIS CLUB OD TRANCHE
DL LOAN (ENHANCED)
BUYER CREDIT GUARANTEE","PARIS CLUB PAYEE
LEAD/AGENT BANK
PARIS CLUB PAYEE
DL PANEL AGENT BANK
SYNDICATE LENDER"
STANDARD CHARTERED BANK,00307527,00005707,00005707,"ASSET BASED GUARANTEE
PARIS CLUB CI TRANCHE
ASSET BASED GUARANTEE
PARIS CLUB OD TRANCHE
BUYER CREDIT GUARANTEE
BUYER CREDIT GUARANTEE","LEAD/AGENT BANK
PARIS CLUB PAYEE
SYNDICATE LENDER
PARIS CLUB PAYEE
LEAD/AGENT BANK
SYNDICATE LENDER"
STANDRANGE LTD,00313960,00003959,00003959,BUYER CREDIT GUARANTEE,EXPORTER/OII INVESTOR
STATE ESTABLISHMENT FOR WATER AND SEWERAGE,NULL,00000643,00000643,BUYER CREDIT GUARANTEE,FACILITY CUSTOMER
STATE ORGANISATION OF ROADS AND BRIDGES,NULL,00000642,00000642,BUYER CREDIT GUARANTEE,FACILITY CUSTOMER
TARMAC HOLDINGS PLC,00304673,00003935,00003935,BUYER CREDIT GUARANTEE,EXPORTER/OII INVESTOR
TATA STEEL UK LIMITED,00310412,00004450,00004450,"BUYER CREDIT GUARANTEE
EXPORT INSURANCE (EXIP)
EXPORT INSURANCE (EXIP)
PARIS CLUB CI TRANCHE
PARIS CLUB FD TRANCHE
PARIS CLUB OD TRANCHE
SUPPLIER CREDIT FINANCE GUARANTEE","PARIS CLUB PAYEE
EXPORTER/OII INVESTOR
UNINSURED AMOUNT
PARIS CLUB PAYEE
PARIS CLUB PAYEE
PARIS CLUB PAYEE
EXPORTER/OII INVESTOR"
TECNIMONT S.P.A,00310746,00001702,00001702,BUYER CREDIT GUARANTEE,EXPORTER/OII INVESTOR
TELENT LIMITED,00300755,00004178,00004178,"BUYER CREDIT GUARANTEE
PARIS CLUB CI TRANCHE
BUYER CREDIT GUARANTEE
PARIS CLUB FD TRANCHE
PARIS CLUB OD TRANCHE","PARIS CLUB PAYEE
PARIS CLUB PAYEE
EXPORTER/OII INVESTOR
PARIS CLUB PAYEE
PARIS CLUB PAYEE"
THALES AIR DEFENCE LIMITED,00308017,00215062,00215062,BUYER CREDIT GUARANTEE,EXPORTER/OII INVESTOR
TLM-TVP TVORNICA VALJANIK,NULL,00001816,00001816,BUYER CREDIT GUARANTEE,FACILITY CUSTOMER
TURK HAVA YOLLARI A O (THY) (TURKISH AIRLINES),00320357,00003677,00003677,"ASSET BASED GUARANTEE
ASSET BASED GUARANTEE
BUYER CREDIT GUARANTEE
BUYER CREDIT GUARANTEE","Ultimate Obligor
FACILITY CUSTOMER
Ultimate Obligor
FACILITY CUSTOMER"
"TURKEY, MIN OF FINANCE",00315785,00292239,00292239,"BUYER CREDIT GUARANTEE
BUYER CREDIT GUARANTEE","FACILITY CUSTOMER
Ultimate Obligor"
"TURKEY, MINISTRY OF TREASURY AND FINANCE",00319075,00220319,00220319,"BUYER CREDIT GUARANTEE
BUYER CREDIT GUARANTEE","FACILITY CUSTOMER
Ultimate Obligor"
VAMED HEALTH PROJECTS UK LIMITED,00306360,00274984,00274984,BUYER CREDIT GUARANTEE,EXPORTER/OII INVESTOR
VINTERS ENGINEERING PLC,00300450,00004030,00004030,"PARIS CLUB CI TRANCHE
BUYER CREDIT GUARANTEE
PARIS CLUB OD TRANCHE","PARIS CLUB PAYEE
EXPORTER/OII INVESTOR
PARIS CLUB PAYEE"
VNESHECONOMBANK (BFEA OF THE USSR),NULL,00003758,00003758,"EXPORT INSURANCE (EXIP)
BUYER CREDIT GUARANTEE
BUYER CREDIT GUARANTEE
EXPORT INSURANCE (EXIP)","Ultimate Obligor
Ultimate Obligor
FACILITY CUSTOMER
FACILITY CUSTOMER"
VT SHIPBUILDING LIMITED,00306421,00004538,00004538,BUYER CREDIT GUARANTEE,EXPORTER/OII INVESTOR
WANKIE COLLIERY CO LTD,NULL,00000627,00000627,BUYER CREDIT GUARANTEE,FACILITY CUSTOMER
"ZAMBIA, MINISTRY OF FINANCE",00314305,00211121,00211121,"DL LOAN (ENHANCED)
BUYER CREDIT GUARANTEE
BUYER CREDIT GUARANTEE
DL LOAN (ENHANCED)","FACILITY CUSTOMER
Ultimate Obligor
FACILITY CUSTOMER
Ultimate Obligor"
ZIMBABWE REPUBLIC BY THE MINISTER OF FINANCE,NULL,00003806,00003806,"BUYER CREDIT GUARANTEE
BUYER CREDIT GUARANTEE","Ultimate Obligor
FACILITY CUSTOMER"
